SourceData,TagID,SiteID,NowDis,State,CreateTimeStr,Sn,Azimuth,Elevation,
FF FF FF FF 00 25 00 05 20 01 01 02 00 00 0E 79 00 00 0E 79 00 00 00 11 FF D9 FF F7 12 34 00 01 D2 00 00 00 C8,3705,3705,17,4660,2026-04-07 13:08:41.875,1,-39,-9,
FF FF FF FF 00 25 00 06 20 01 01 02 00 00 0E 79 00 00 0E 79 00 00 00 10 FF D9 FF F6 12 34 00 02 D4 00 00 00 CE,3705,3705,16,4660,2026-04-07 13:08:41.907,2,-39,-10,
FF FF FF FF 00 25 00 07 20 01 01 02 00 00 0E 79 00 00 0E 79 00 00 00 0F FF D9 FF F6 12 34 00 03 D3 00 00 00 D6,3705,3705,15,4660,2026-04-07 13:08:41.953,3,-39,-10,
FF FF FF FF 00 25 00 08 20 01 01 02 00 00 0E 79 00 00 0E 79 00 00 00 0F FF D9 FF F6 12 34 00 04 D3 00 00 00 DE,3705,3705,15,4660,2026-04-07 13:08:42.000,4,-39,-10,
FF FF FF FF 00 25 00 09 20 01 01 02 00 00 0E 79 00 00 0E 79 00 00 00 0E FF D9 FF F6 12 34 00 05 D2 00 00 00 DE,3705,3705,14,4660,2026-04-07 13:08:42.031,5,-39,-10,
FF FF FF FF 00 25 00 0A 20 01 01 02 00 00 0E 79 00 00 0E 79 00 00 00 0E FF D9 FF F6 12 34 00 06 D2 00 00 00 DE,3705,3705,14,4660,2026-04-07 13:08:42.078,6,-39,-10,
FF FF FF FF 00 25 00 0B 20 01 01 02 00 00 0E 79 00 00 0E 79 00 00 00 0E FF D9 FF F6 12 34 00 07 D3 00 00 00 DF,3705,3705,14,4660,2026-04-07 13:08:42.109,7,-39,-10,
FF FF FF FF 00 25 00 0C 20 01 01 02 00 00 0E 79 00 00 0E 79 00 00 00 0D FF D9 FF F7 12 34 00 08 D5 00 00 00 D3,3705,3705,13,4660,2026-04-07 13:08:42.124,8,-39,-9,
FF FF FF FF 00 25 00 04 20 01 01 02 00 00 0E 79 00 00 0E 79 00 00 00 0C FF D7 FF F5 12 34 00 00 D2 00 00 00 D9,3705,3705,13,4660,2026-04-07 13:08:42.155,9,-40,-10,
FF FF FF FF 00 25 00 0D 20 01 01 02 00 00 0E 79 00 00 0E 79 00 00 00 0D FF D8 FF F6 12 34 00 09 D3 00 00 00 D5,3705,3705,13,4660,2026-04-07 13:08:42.155,9,-40,-10,
FF FF FF FF 00 25 00 0E 20 01 01 02 00 00 0E 79 00 00 0E 79 00 00 00 0D FF D8 FF F6 12 34 00 0A D1 00 00 00 D7,3705,3705,13,4660,2026-04-07 13:08:42.203,10,-40,-10,
FF FF FF FF 00 25 00 0F 20 01 01 02 00 00 0E 79 00 00 0E 79 00 00 00 0C FF D8 FF F6 12 34 00 0B D2 00 00 00 D5,3705,3705,12,4660,2026-04-07 13:08:42.234,11,-40,-10,
FF FF FF FF 00 25 00 10 20 01 01 02 00 00 0E 79 00 00 0E 79 00 00 00 0D FF D8 FF F6 12 34 00 0C D4 00 00 00 CA,3705,3705,13,4660,2026-04-07 13:08:42.250,12,-40,-10,
FF FF FF FF 00 25 00 11 20 01 01 02 00 00 0E 79 00 00 0E 79 00 00 00 0C FF D8 FF F6 12 34 00 0D D5 00 00 00 CA,3705,3705,12,4660,2026-04-07 13:08:42.281,13,-40,-10,
FF FF FF FF 00 25 00 12 20 01 01 02 00 00 0E 79 00 00 0E 79 00 00 00 0C FF D8 FF F6 12 34 00 0E D3 00 00 00 CC,3705,3705,12,4660,2026-04-07 13:08:42.328,14,-40,-10,
FF FF FF FF 00 25 00 13 20 01 01 02 00 00 0E 79 00 00 0E 79 00 00 00 0D FF D8 FF F6 12 34 00 0F D3 00 00 00 CD,3705,3705,13,4660,2026-04-07 13:08:42.360,15,-40,-10,
FF FF FF FF 00 25 00 14 20 01 01 02 00 00 0E 79 00 00 0E 79 00 00 00 0D FF D9 FF F6 12 34 00 10 D3 00 00 00 D4,3705,3705,13,4660,2026-04-07 13:08:42.374,16,-39,-10,
FF FF FF FF 00 25 00 15 20 01 01 02 00 00 0E 79 00 00 0E 79 00 00 00 0D FF D9 FF F6 12 34 00 11 D1 00 00 00 D6,3705,3705,13,4660,2026-04-07 13:08:42.406,17,-39,-10,
FF FF FF FF 00 25 00 16 20 01 01 02 00 00 0E 79 00 00 0E 79 00 00 00 0D FF D9 FF F6 12 34 00 12 D4 00 00 00 D3,3705,3705,13,4660,2026-04-07 13:08:42.452,18,-39,-10,
FF FF FF FF 00 25 00 17 20 01 01 02 00 00 0E 79 00 00 0E 79 00 00 00 0B FF D9 FF F5 12 34 00 13 D2 00 00 00 D0,3705,3705,11,4660,2026-04-07 13:08:42.483,19,-39,-11,
FF FF FF FF 00 25 00 18 20 01 01 02 00 00 0E 79 00 00 0E 79 00 00 00 0C FF D9 FF F5 12 34 00 14 D2 00 00 00 DF,3705,3705,12,4660,2026-04-07 13:08:42.499,20,-39,-11,
FF FF FF FF 00 25 00 19 20 01 01 02 00 00 0E 79 00 00 0E 79 00 00 00 0C FF D8 FF F5 12 34 00 15 D3 00 00 00 DF,3705,3705,12,4660,2026-04-07 13:08:42.530,21,-40,-11,
FF FF FF FF 00 25 00 1A 20 01 01 02 00 00 0E 79 00 00 0E 79 00 00 00 0C FF D9 FF F5 12 34 00 16 D3 00 00 00 DE,3705,3705,12,4660,2026-04-07 13:08:42.577,22,-39,-11,
FF FF FF FF 00 25 00 1B 20 01 01 02 00 00 0E 79 00 00 0E 79 00 00 00 0C FF D9 FF F5 12 34 00 17 D2 00 00 00 DF,3705,3705,12,4660,2026-04-07 13:08:42.608,23,-39,-11,
FF FF FF FF 00 25 00 1C 20 01 01 02 00 00 0E 79 00 00 0E 79 00 00 00 0C FF D9 FF F5 12 34 00 18 D1 00 00 00 D4,3705,3705,12,4660,2026-04-07 13:08:42.623,24,-39,-11,
FF FF FF FF 00 25 00 1D 20 01 01 02 00 00 0E 79 00 00 0E 79 00 00 00 0D FF D9 FF F5 12 34 00 19 D2 00 00 00 D6,3705,3705,13,4660,2026-04-07 13:08:42.654,25,-39,-11,
FF FF FF FF 00 25 00 1E 20 01 01 02 00 00 0E 79 00 00 0E 79 00 00 00 0D FF D9 FF F5 12 34 00 1A D1 00 00 00 D5,3705,3705,13,4660,2026-04-07 13:08:42.701,26,-39,-11,
FF FF FF FF 00 25 00 1F 20 01 01 02 00 00 0E 79 00 00 0E 79 00 00 00 0D FF D9 FF F4 12 34 00 1B D2 00 00 00 D7,3705,3705,13,4660,2026-04-07 13:08:42.732,27,-39,-12,
FF FF FF FF 00 25 00 20 20 01 01 02 00 00 0E 79 00 00 0E 79 00 00 00 0D FF D9 FF F4 12 34 00 1C D1 00 00 00 EC,3705,3705,13,4660,2026-04-07 13:08:42.748,28,-39,-12,
FF FF FF FF 00 25 00 21 20 01 01 02 00 00 0E 79 00 00 0E 79 00 00 00 0D FF D9 FF F4 12 34 00 1D D2 00 00 00 EF,3705,3705,13,4660,2026-04-07 13:08:42.779,29,-39,-12,
FF FF FF FF 00 25 00 22 20 01 01 02 00 00 0E 79 00 00 0E 79 00 00 00 0D FF D9 FF F5 12 34 00 1E D3 00 00 00 EF,3705,3705,13,4660,2026-04-07 13:08:42.809,30,-39,-11,
FF FF FF FF 00 25 00 23 20 01 01 02 00 00 0E 79 00 00 0E 79 00 00 00 0D FF D9 FF F4 12 34 00 1F D2 00 00 00 EF,3705,3705,13,4660,2026-04-07 13:08:42.825,31,-39,-12,
FF FF FF FF 00 25 00 24 20 01 01 02 00 00 0E 79 00 00 0E 79 00 00 00 0C FF D9 FF F4 12 34 00 20 D2 00 00 00 D6,3705,3705,12,4660,2026-04-07 13:08:42.857,32,-39,-12,
FF FF FF FF 00 25 00 25 20 01 01 02 00 00 0E 79 00 00 0E 79 00 00 00 0D FF D9 FF F4 12 34 00 21 D3 00 00 00 D6,3705,3705,13,4660,2026-04-07 13:08:42.873,33,-39,-12,
FF FF FF FF 00 25 00 26 20 01 01 02 00 00 0E 79 00 00 0E 79 00 00 00 0D FF D9 FF F4 12 34 00 22 D2 00 00 00 D7,3705,3705,13,4660,2026-04-07 13:08:42.903,34,-39,-12,
FF FF FF FF 00 25 00 27 20 01 01 02 00 00 0E 79 00 00 0E 79 00 00 00 0D FF D8 FF F4 12 34 00 23 D1 00 00 00 D5,3705,3705,13,4660,2026-04-07 13:08:42.951,35,-40,-12,
FF FF FF FF 00 25 00 28 20 01 01 02 00 00 0E 79 00 00 0E 79 00 00 00 0D FF D8 FF F4 12 34 00 24 D2 00 00 00 DE,3705,3705,13,4660,2026-04-07 13:08:42.983,36,-40,-12,
FF FF FF FF 00 25 00 29 20 01 01 02 00 00 0E 79 00 00 0E 79 00 00 00 0D FF D8 FF F4 12 34 00 25 D3 00 00 00 DF,3705,3705,13,4660,2026-04-07 13:08:42.999,37,-40,-12,
FF FF FF FF 00 25 00 2A 20 01 01 02 00 00 0E 79 00 00 0E 79 00 00 00 0D FF D8 FF F4 12 34 00 26 D3 00 00 00 DF,3705,3705,13,4660,2026-04-07 13:08:43.030,38,-40,-12,
FF FF FF FF 00 25 00 2B 20 01 01 02 00 00 0E 79 00 00 0E 79 00 00 00 0D FF D8 FF F4 12 34 00 27 D2 00 00 00 DE,3705,3705,13,4660,2026-04-07 13:08:43.076,39,-40,-12,
FF FF FF FF 00 25 00 03 20 01 01 02 00 00 0B 4A 00 00 0B 49 00 00 00 12 FF D0 00 27 12 34 00 01 E0 00 00 00 DA,2889,2890,18,4660,2026-04-07 13:14:35.858,1,-48,39,
FF FF FF FF 00 25 00 04 20 01 01 02 00 00 0B 4A 00 00 0B 49 00 00 00 11 FF CF 00 26 12 34 00 02 E1 00 00 00 C2,2889,2890,17,4660,2026-04-07 13:14:35.873,2,-49,38,
FF FF FF FF 00 25 00 05 20 01 01 02 00 00 0B 4A 00 00 0B 49 00 00 00 11 FF CF 00 25 12 34 00 03 E1 00 00 00 C1,2889,2890,17,4660,2026-04-07 13:14:35.904,3,-49,37,
FF FF FF FF 00 25 00 06 20 01 01 02 00 00 0B 4A 00 00 0B 49 00 00 00 11 FF CF 00 26 12 34 00 04 DF 00 00 00 F8,2889,2890,17,4660,2026-04-07 13:14:35.951,4,-49,38,
FF FF FF FF 00 25 00 07 20 01 01 02 00 00 0B 4A 00 00 0B 49 00 00 00 11 FF CF 00 25 12 34 00 05 E2 00 00 00 C6,2889,2890,17,4660,2026-04-07 13:14:35.982,5,-49,37,
FF FF FF FF 00 25 00 08 20 01 01 02 00 00 0B 4A 00 00 0B 49 00 00 00 11 FF CF 00 27 12 34 00 06 DF 00 00 00 F5,2889,2890,17,4660,2026-04-07 13:14:35.998,6,-49,39,
FF FF FF FF 00 25 00 09 20 01 01 02 00 00 0B 4A 00 00 0B 49 00 00 00 11 FF CF 00 26 12 34 00 07 DF 00 00 00 F4,2889,2890,17,4660,2026-04-07 13:14:36.029,7,-49,38,
FF FF FF FF 00 25 00 0A 20 01 01 02 00 00 0B 4A 00 00 0B 49 00 00 00 11 FF CF 00 26 12 34 00 08 E1 00 00 00 C6,2889,2890,17,4660,2026-04-07 13:14:36.075,8,-49,38,
FF FF FF FF 00 25 00 02 20 01 01 02 00 00 0B 4A 00 00 0B 49 00 00 00 11 FF D0 00 2B 12 34 00 00 E1 00 00 00 D4,2889,2890,17,4660,2026-04-07 13:14:36.152,10,-49,40,
FF FF FF FF 00 25 00 0B 20 01 01 02 00 00 0B 4A 00 00 0B 49 00 00 00 11 FF CF 00 26 12 34 00 09 E1 00 00 00 C6,2889,2890,17,4660,2026-04-07 13:14:36.106,9,-49,38,
FF FF FF FF 00 25 00 0D 20 01 01 02 00 00 0B 4A 00 00 0B 49 00 00 00 12 FF D0 00 28 12 34 00 0B E1 00 00 00 D0,2889,2890,18,4660,2026-04-07 13:14:36.184,11,-48,40,
FF FF FF FF 00 25 00 0E 20 01 01 02 00 00 0B 4A 00 00 0B 49 00 00 00 12 FF D0 00 29 12 34 00 0C DF 00 00 00 EB,2889,2890,18,4660,2026-04-07 13:14:36.199,12,-48,41,
FF FF FF FF 00 25 00 0F 20 01 01 02 00 00 0B 4A 00 00 0B 49 00 00 00 12 FF D0 00 28 12 34 00 0D DF 00 00 00 EA,2889,2890,18,4660,2026-04-07 13:14:36.231,13,-48,40,
FF FF FF FF 00 25 00 10 20 01 01 02 00 00 0B 4A 00 00 0B 49 00 00 00 12 FF D0 00 28 12 34 00 0E E1 00 00 00 C8,2889,2890,18,4660,2026-04-07 13:14:36.277,14,-48,40,
FF FF FF FF 00 25 00 11 20 01 01 02 00 00 0B 4A 00 00 0B 49 00 00 00 12 FF D0 00 28 12 34 00 0F DF 00 00 00 F6,2889,2890,18,4660,2026-04-07 13:14:36.309,15,-48,40,
FF FF FF FF 00 25 00 12 20 01 01 02 00 00 0B 4A 00 00 0B 49 00 00 00 12 FF D0 00 28 12 34 00 10 DF 00 00 00 EA,2889,2890,18,4660,2026-04-07 13:14:36.324,16,-48,40,
FF FF FF FF 00 25 00 13 20 01 01 02 00 00 0B 4A 00 00 0B 49 00 00 00 11 FF D0 00 29 12 34 00 11 E1 00 00 00 D6,2889,2890,17,4660,2026-04-07 13:14:36.355,17,-48,41,
FF FF FF FF 00 25 00 14 20 01 01 02 00 00 0B 4A 00 00 0B 49 00 00 00 11 FF D0 00 29 12 34 00 12 E1 00 00 00 D2,2889,2890,17,4660,2026-04-07 13:14:36.401,18,-48,41,
FF FF FF FF 00 25 00 15 20 01 01 02 00 00 0B 4A 00 00 0B 49 00 00 00 11 FF D0 00 28 12 34 00 13 E0 00 00 00 D2,2889,2890,17,4660,2026-04-07 13:14:36.432,19,-48,40,
FF FF FF FF 00 25 00 16 20 01 01 02 00 00 0B 4A 00 00 0B 49 00 00 00 11 FF D0 00 28 12 34 00 14 DF 00 00 00 E9,2889,2890,17,4660,2026-04-07 13:14:36.478,20,-48,40,
FF FF FF FF 00 25 00 17 20 01 01 02 00 00 0B 4A 00 00 0B 49 00 00 00 11 FF D0 00 28 12 34 00 15 E1 00 00 00 D7,2889,2890,17,4660,2026-04-07 13:14:36.526,21,-48,40,
FF FF FF FF 00 25 00 18 20 01 01 02 00 00 0B 4A 00 00 0B 49 00 00 00 11 FF D0 00 28 12 34 00 16 DF 00 00 00 E5,2889,2890,17,4660,2026-04-07 13:14:36.557,22,-48,40,
FF FF FF FF 00 25 00 19 20 01 01 02 00 00 0B 4A 00 00 0B 49 00 00 00 11 FF D0 00 27 12 34 00 17 DF 00 00 00 EA,2889,2890,17,4660,2026-04-07 13:14:36.573,23,-48,39,
FF FF FF FF 00 25 00 1A 20 01 01 02 00 00 0B 4A 00 00 0B 49 00 00 00 11 FF D0 00 27 12 34 00 18 E1 00 00 00 D8,2889,2890,17,4660,2026-04-07 13:14:36.605,24,-48,39,
FF FF FF FF 00 25 00 1B 20 01 01 02 00 00 0B 4A 00 00 0B 49 00 00 00 11 FF CF 00 27 12 34 00 19 E1 00 00 00 C7,2889,2890,17,4660,2026-04-07 13:14:36.651,25,-49,39,
FF FF FF FF 00 25 00 1C 20 01 01 02 00 00 0B 4A 00 00 0B 49 00 00 00 11 FF CF 00 27 12 34 00 1A DF 00 00 00 FD,2889,2890,17,4660,2026-04-07 13:14:36.682,26,-49,39,
FF FF FF FF 00 25 00 1D 20 01 01 02 00 00 0B 4A 00 00 0B 49 00 00 00 11 FF D0 00 28 12 34 00 1B DF 00 00 00 ED,2889,2890,17,4660,2026-04-07 13:14:36.698,27,-48,40,
FF FF FF FF 00 25 00 1E 20 01 01 02 00 00 0B 4A 00 00 0B 49 00 00 00 12 FF D1 00 28 12 34 00 1C E1 00 00 00 D5,2889,2890,18,4660,2026-04-07 13:14:36.729,28,-47,40,
FF FF FF FF 00 25 00 1F 20 01 01 02 00 00 0B 4A 00 00 0B 49 00 00 00 12 FF D1 00 28 12 34 00 1D E1 00 00 00 D5,2889,2890,18,4660,2026-04-07 13:14:36.776,29,-47,40,
FF FF FF FF 00 25 00 20 20 01 01 02 00 00 0B 4A 00 00 0B 49 00 00 00 12 FF D1 00 28 12 34 00 1E DD 00 00 00 D5,2889,2890,18,4660,2026-04-07 13:14:36.807,30,-47,40,
FF FF FF FF 00 25 00 01 20 01 01 02 00 00 0E 7F 00 00 0E 7F 00 00 00 17 FF D2 FF D0 12 34 00 01 CD 00 00 00 F9,3711,3711,23,4660,2026-04-07 14:18:44.756,1,-46,-48,
FF FF FF FF 00 25 00 02 20 01 01 02 00 00 0E 7F 00 00 0E 7F 00 00 00 18 FF D1 FF D3 12 34 00 02 CE 00 00 00 F5,3711,3711,24,4660,2026-04-07 14:18:44.867,2,-47,-45,
FF FF FF FF 00 25 00 03 20 01 01 02 00 00 0E 7F 00 00 0E 7F 00 00 00 10 FF D1 FF D7 12 34 00 03 CE 00 00 00 F9,3711,3711,16,4660,2026-04-07 14:18:44.961,3,-47,-41,
FF FF FF FF 00 25 00 04 20 01 01 02 00 00 0E 7F 00 00 0E 7F 00 00 00 0C FF D3 FF DA 12 34 00 04 D2 00 00 00 F6,3711,3711,12,4660,2026-04-07 14:18:45.054,4,-45,-38,
FF FF FF FF 00 25 00 05 20 01 01 02 00 00 0E 7F 00 00 0E 7F 00 00 00 08 FF DE FF DC 12 34 00 05 D7 00 00 00 FC,3711,3711,8,4660,2026-04-07 14:18:45.164,5,-34,-36,
FF FF FF FF 00 25 00 06 20 01 01 02 00 00 0E 7F 00 00 0E 7F 00 00 00 0A FF EB FF DF 12 34 00 06 D8 00 00 00 C7,3711,3711,10,4660,2026-04-07 14:18:45.258,6,-21,-33,
FF FF FF FF 00 25 00 07 20 01 01 02 00 00 0E 7F 00 00 0E 7F 00 00 00 0C FF F6 FF E5 12 34 00 07 D3 00 00 00 ED,3711,3711,12,4660,2026-04-07 14:18:45.367,7,-10,-27,
FF FF FF FF 00 25 00 08 20 01 01 02 00 00 0E 7F 00 00 0E 7F 00 00 00 10 FF FA FF E8 12 34 00 08 CF 00 00 00 EC,3711,3711,16,4660,2026-04-07 14:18:45.462,8,-6,-24,
FF FF FF FF 00 25 00 00 20 01 01 02 00 00 0E 7F 00 00 0E 7F 00 00 00 17 FF D2 FF D2 12 34 00 00 D0 00 00 00 E6,3711,3711,20,4660,2026-04-07 14:18:45.556,9,-2,-21,
FF FF FF FF 00 25 00 09 20 01 01 02 00 00 0E 7F 00 00 0E 7F 00 00 00 14 FF FE FF EB 12 34 00 09 CD 00 00 00 ED,3711,3711,20,4660,2026-04-07 14:18:45.556,9,-2,-21,
FF FF FF FF 00 25 00 0A 20 01 01 02 00 00 0E 7F 00 00 0E 7F 00 00 00 17 00 00 FF ED 12 34 00 0A CE 00 00 00 EA,3711,3711,23,4660,2026-04-07 14:18:45.665,10,0,-19,
FF FF FF FF 00 25 00 0B 20 01 01 02 00 00 0E 7F 00 00 0E 7F 00 00 00 18 00 01 FF EF 12 34 00 0B CE 00 00 00 E6,3711,3711,24,4660,2026-04-07 14:18:45.758,11,1,-17,
FF FF FF FF 00 25 00 0C 20 01 01 02 00 00 0E 7F 00 00 0E 7F 00 00 00 1B 00 02 FF F0 12 34 00 0C CE 00 00 00 F9,3711,3711,27,4660,2026-04-07 14:18:45.852,12,2,-16,
FF FF FF FF 00 25 00 0D 20 01 01 02 00 00 0E 7F 00 00 0E 7F 00 00 00 1D 00 02 FF F1 12 34 00 0D CF 00 00 00 FF,3711,3711,29,4660,2026-04-07 14:18:45.961,13,2,-15,
FF FF FF FF 00 25 00 0E 20 01 01 02 00 00 0E 7F 00 00 0E 7F 00 00 00 20 00 03 FF F2 12 34 00 0E D0 00 00 00 DF,3711,3711,32,4660,2026-04-07 14:18:46.054,14,3,-14,
FF FF FF FF 00 25 00 0F 20 01 01 02 00 00 0E 7F 00 00 0E 7F 00 00 00 21 00 03 FF F3 12 34 00 0F CF 00 00 00 C0,3711,3711,33,4660,2026-04-07 14:18:46.163,15,3,-13,
FF FF FF FF 00 25 00 10 20 01 01 02 00 00 0E 7F 00 00 0E 7F 00 00 00 22 00 03 FF F3 12 34 00 10 CF 00 00 00 C3,3711,3711,34,4660,2026-04-07 14:18:46.258,16,3,-13,
FF FF FF FF 00 25 00 11 20 01 01 02 00 00 0E 7F 00 00 0E 7F 00 00 00 23 00 03 FF F4 12 34 00 11 CF 00 00 00 C5,3711,3711,35,4660,2026-04-07 14:18:46.366,17,3,-12,
FF FF FF FF 00 25 00 12 20 01 01 02 00 00 0E 7F 00 00 0E 7F 00 00 00 23 00 03 FF F4 12 34 00 12 CF 00 00 00 C5,3711,3711,35,4660,2026-04-07 14:18:46.458,18,3,-12,
FF FF FF FF 00 25 00 13 20 01 01 02 00 00 0E 7F 00 00 0E 7F 00 00 00 22 00 04 FF F5 12 34 00 13 D0 00 00 00 DD,3711,3711,34,4660,2026-04-07 14:18:46.565,19,4,-11,
FF FF FF FF 00 25 00 14 20 01 01 02 00 00 0E 7F 00 00 0E 7F 00 00 00 21 00 03 FF F4 12 34 00 14 CF 00 00 00 C7,3711,3711,33,4660,2026-04-07 14:18:46.659,20,3,-12,
FF FF FF FF 00 25 00 15 20 01 01 02 00 00 0E 7F 00 00 0E 7F 00 00 00 20 00 04 FF F5 12 34 00 15 D0 00 00 00 DF,3711,3711,32,4660,2026-04-07 14:18:46.755,21,4,-11,
FF FF FF FF 00 25 00 16 20 01 01 02 00 00 0E 7F 00 00 0E 7F 00 00 00 1F 00 04 FF F6 12 34 00 16 CC 00 00 00 FF,3711,3711,31,4660,2026-04-07 14:18:46.866,22,4,-10,
FF FF FF FF 00 25 00 17 20 01 01 02 00 00 0E 7F 00 00 0E 7F 00 00 00 1F 00 06 FF F6 12 34 00 17 CF 00 00 00 FE,3711,3711,31,4660,2026-04-07 14:18:46.961,23,6,-10,
FF FF FF FF 00 25 00 18 20 01 01 02 00 00 0E 7F 00 00 0E 7F 00 00 00 1F 00 07 FF F7 12 34 00 18 CF 00 00 00 FE,3711,3711,31,4660,2026-04-07 14:18:47.054,24,7,-9,
FF FF FF FF 00 25 00 19 20 01 01 02 00 00 0E 7F 00 00 0E 7F 00 00 00 1E 00 07 FF F7 12 34 00 19 CD 00 00 00 FD,3711,3711,30,4660,2026-04-07 14:18:47.163,25,7,-9,
FF FF FF FF 00 25 00 1A 20 01 01 02 00 00 0E 7F 00 00 0E 7F 00 00 00 1D 00 06 FF F7 12 34 00 1A CF 00 00 00 FD,3711,3711,29,4660,2026-04-07 14:18:47.256,26,6,-9,
FF FF FF FF 00 25 00 1B 20 01 01 02 00 00 0E 7F 00 00 0E 7F 00 00 00 1E 00 07 FF F9 12 34 00 1B CF 00 00 00 F1,3711,3711,30,4660,2026-04-07 14:18:47.365,27,7,-7,
FF FF FF FF 00 25 00 1C 20 01 01 02 00 00 0E 7F 00 00 0E 7F 00 00 00 1E 00 06 FF F8 12 34 00 1C CF 00 00 00 F1,3711,3711,30,4660,2026-04-07 14:18:47.460,28,6,-8,
FF FF FF FF 00 25 00 1D 20 01 01 02 00 00 0E 7F 00 00 0E 7F 00 00 00 1F 00 05 FF F7 12 34 00 1D D0 00 00 00 E3,3711,3711,31,4660,2026-04-07 14:18:47.554,29,5,-9,
FF FF FF FF 00 25 00 1E 20 01 01 02 00 00 0E 7F 00 00 0E 7F 00 00 00 1F 00 05 FF F7 12 34 00 1E CF 00 00 00 FC,3711,3711,31,4660,2026-04-07 14:18:47.663,30,5,-9,
FF FF FF FF 00 25 00 1F 20 01 01 02 00 00 0E 7F 00 00 0E 7F 00 00 00 1E 00 06 FF F7 12 34 00 1F CE 00 00 00 FF,3711,3711,30,4660,2026-04-07 14:18:47.757,31,6,-9,
FF FF FF FF 00 25 00 20 20 01 01 02 00 00 0E 7F 00 00 0E 7F 00 00 00 1E 00 07 FF F8 12 34 00 20 CE 00 00 00 F1,3711,3711,30,4660,2026-04-07 14:18:47.852,32,7,-8,
FF FF FF FF 00 25 00 21 20 01 01 02 00 00 0E 7F 00 00 0E 7F 00 00 00 1D 00 06 FF F7 12 34 00 21 CD 00 00 00 FF,3711,3711,29,4660,2026-04-07 14:18:47.963,33,6,-9,
FF FF FF FF 00 25 00 22 20 01 01 02 00 00 0E 7F 00 00 0E 7F 00 00 00 1D 00 07 FF F7 12 34 00 22 CF 00 00 00 FC,3711,3711,29,4660,2026-04-07 14:18:48.058,34,7,-9,
FF FF FF FF 00 25 00 23 20 01 01 02 00 00 0E 7F 00 00 0E 7F 00 00 00 1C 00 06 FF F7 12 34 00 23 CD 00 00 00 FE,3711,3711,28,4660,2026-04-07 14:18:48.152,35,6,-9,
FF FF FF FF 00 25 00 24 20 01 01 02 00 00 0E 7F 00 00 0E 7F 00 00 00 1B 00 07 FF F7 12 34 00 24 CF 00 00 00 FA,3711,3711,27,4660,2026-04-07 14:18:48.261,36,7,-9,
FF FF FF FF 00 25 00 25 20 01 01 02 00 00 0E 7F 00 00 0E 7F 00 00 00 1C 00 06 FF F6 12 34 00 25 CF 00 00 00 FD,3711,3711,28,4660,2026-04-07 14:18:48.354,37,6,-10,
FF FF FF FF 00 25 00 26 20 01 01 02 00 00 0E 7F 00 00 0E 7F 00 00 00 1D 00 06 FF F7 12 34 00 26 CF 00 00 00 FD,3711,3711,29,4660,2026-04-07 14:18:48.464,38,6,-9,
FF FF FF FF 00 25 00 27 20 01 01 02 00 00 0E 7F 00 00 0E 7F 00 00 00 1D 00 05 FF F5 12 34 00 27 CF 00 00 00 FC,3711,3711,29,4660,2026-04-07 14:18:48.557,39,5,-11,
FF FF FF FF 00 25 00 28 20 01 01 02 00 00 0E 7F 00 00 0E 7F 00 00 00 1D 00 05 FF F5 12 34 00 28 CF 00 00 00 FC,3711,3711,29,4660,2026-04-07 14:18:48.665,40,5,-11,
FF FF FF FF 00 25 00 29 20 01 01 02 00 00 0E 7F 00 00 0E 7F 00 00 00 1F 00 03 FF F4 12 34 00 29 CF 00 00 00 F9,3711,3711,31,4660,2026-04-07 14:18:48.757,41,3,-12,
FF FF FF FF 00 25 00 2A 20 01 01 02 00 00 0E 7F 00 00 0E 7F 00 00 00 1F 00 04 FF F4 12 34 00 2A CF 00 00 00 FE,3711,3711,31,4660,2026-04-07 14:18:48.863,42,4,-12,
FF FF FF FF 00 25 00 2B 20 01 01 02 00 00 0E 7F 00 00 0E 7F 00 00 00 1F 00 04 FF F4 12 34 00 2B CF 00 00 00 FE,3711,3711,31,4660,2026-04-07 14:18:48.957,43,4,-12,
FF FF FF FF 00 25 00 2C 20 01 01 02 00 00 0E 7F 00 00 0E 7F 00 00 00 20 00 04 FF F3 12 34 00 2C CF 00 00 00 C6,3711,3711,32,4660,2026-04-07 14:18:49.066,44,4,-13,
FF FF FF FF 00 25 00 2D 20 01 01 02 00 00 0E 7F 00 00 0E 7F 00 00 00 1F 00 04 FF F3 12 34 00 2D CF 00 00 00 F9,3711,3711,31,4660,2026-04-07 14:18:49.160,45,4,-13,
FF FF FF FF 00 25 00 2E 20 01 01 02 00 00 0E 7F 00 00 0E 7F 00 00 00 1F 00 05 FF F4 12 34 00 2E CF 00 00 00 FF,3711,3711,31,4660,2026-04-07 14:18:49.254,46,5,-12,
FF FF FF FF 00 25 00 2F 20 01 01 02 00 00 0E 7F 00 00 0E 7F 00 00 00 1E 00 06 FF F4 12 34 00 2F CD 00 00 00 FF,3711,3711,30,4660,2026-04-07 14:18:49.364,47,6,-12,
FF FF FF FF 00 25 00 30 20 01 01 02 00 00 0E 7F 00 00 0E 7F 00 00 00 1E 00 07 FF F4 12 34 00 30 CE 00 00 00 FD,3711,3711,30,4660,2026-04-07 14:18:49.460,48,7,-12,
FF FF FF FF 00 25 00 31 20 01 01 02 00 00 0E 7F 00 00 0E 7F 00 00 00 1E 00 07 FF F4 12 34 00 31 CD 00 00 00 FE,3711,3711,30,4660,2026-04-07 14:18:49.556,49,7,-12,
FF FF FF FF 00 25 00 32 20 01 01 02 00 00 0E 7F 00 00 0E 7F 00 00 00 1E 00 07 FF F4 12 34 00 32 CD 00 00 00 FE,3711,3711,30,4660,2026-04-07 14:18:49.666,50,7,-12,
FF FF FF FF 00 25 00 33 20 01 01 02 00 00 0E 7F 00 00 0E 7F 00 00 00 1E 00 07 FF F4 12 34 00 33 CD 00 00 00 FE,3711,3711,30,4660,2026-04-07 14:18:49.761,51,7,-12,
FF FF FF FF 00 25 00 34 20 01 01 02 00 00 0E 7F 00 00 0E 7F 00 00 00 1E 00 07 FF F4 12 34 00 34 CF 00 00 00 FC,3711,3711,30,4660,2026-04-07 14:18:49.855,52,7,-12,
FF FF FF FF 00 25 00 35 20 01 01 02 00 00 0E 7F 00 00 0E 7F 00 00 00 22 00 08 FF F4 12 34 00 35 D5 00 00 00 D5,3711,3711,34,4660,2026-04-07 14:18:49.966,53,8,-12,
FF FF FF FF 00 25 00 36 20 01 01 02 00 00 0E 7F 00 00 0E 7F 00 00 00 24 00 09 FF F4 12 34 00 36 D5 00 00 00 D2,3711,3711,36,4660,2026-04-07 14:18:50.062,54,9,-12,
FF FF FF FF 00 25 00 37 20 01 01 02 00 00 0E 7F 00 00 0E 7F 00 00 00 24 00 07 FF F3 12 34 00 37 D1 00 00 00 DF,3711,3711,36,4660,2026-04-07 14:18:50.156,55,7,-13,
FF FF FF FF 00 25 00 38 20 01 01 02 00 00 0E 7F 00 00 0E 7F 00 00 00 25 00 07 FF F2 12 34 00 38 D1 00 00 00 DF,3711,3711,37,4660,2026-04-07 14:18:50.265,56,7,-14,
FF FF FF FF 00 25 00 39 20 01 01 02 00 00 0E 7F 00 00 0E 7F 00 00 00 26 00 05 FF F2 12 34 00 39 D1 00 00 00 DE,3711,3711,38,4660,2026-04-07 14:18:50.360,57,5,-14,
FF FF FF FF 00 25 00 3A 20 01 01 02 00 00 0E 7F 00 00 0E 7F 00 00 00 28 00 07 FF F1 12 34 00 3A D3 00 00 00 D3,3711,3711,40,4660,2026-04-07 14:18:50.467,58,7,-15,
FF FF FF FF 00 25 00 3B 20 01 01 02 00 00 0E 7F 00 00 0E 7F 00 00 00 29 00 08 FF F1 12 34 00 3B D3 00 00 00 DD,3711,3711,41,4660,2026-04-07 14:18:50.560,59,8,-15,
FF FF FF FF 00 25 00 3C 20 01 01 02 00 00 0E 7F 00 00 0E 7F 00 00 00 2A 00 07 FF F0 12 34 00 3C D3 00 00 00 D0,3711,3711,42,4660,2026-04-07 14:18:50.653,60,7,-16,
FF FF FF FF 00 25 00 3D 20 01 01 02 00 00 0E 7F 00 00 0E 7F 00 00 00 2B 00 07 FF EF 12 34 00 3D D5 00 00 00 C8,3711,3711,43,4660,2026-04-07 14:18:50.761,61,7,-17,
FF FF FF FF 00 25 00 3E 20 01 01 02 00 00 0E 7F 00 00 0E 7F 00 00 00 2C 00 06 FF EE 12 34 00 3E D4 00 00 00 CE,3711,3711,44,4660,2026-04-07 14:18:50.855,62,6,-18,
FF FF FF FF 00 25 00 3F 20 01 01 02 00 00 0E 7F 00 00 0E 7F 00 00 00 2C 00 05 FF EE 12 34 00 3F D2 00 00 00 CB,3711,3711,44,4660,2026-04-07 14:18:50.964,63,5,-18,
FF FF FF FF 00 25 00 40 20 01 01 02 00 00 0E 7F 00 00 0E 7F 00 00 00 2C 00 05 FF ED 12 34 00 40 D4 00 00 00 CE,3711,3711,44,4660,2026-04-07 14:18:51.059,64,5,-19,
FF FF FF FF 00 25 00 41 20 01 01 02 00 00 0E 7F 00 00 0E 7F 00 00 00 2C 00 07 FF EE 12 34 00 41 D5 00 00 00 CE,3711,3711,44,4660,2026-04-07 14:18:51.153,65,7,-18,
FF FF FF FF 00 25 00 42 20 01 01 02 00 00 0E 7F 00 00 0E 7F 00 00 00 2C 00 09 FF EE 12 34 00 42 D5 00 00 00 C0,3711,3711,44,4660,2026-04-07 14:18:51.262,66,9,-18,
FF FF FF FF 00 25 00 43 20 01 01 02 00 00 0E 7F 00 00 0E 7F 00 00 00 2D 00 0A FF EE 12 34 00 43 D5 00 00 00 C2,3711,3711,45,4660,2026-04-07 14:18:51.353,67,10,-18,
FF FF FF FF 00 25 00 44 20 01 01 02 00 00 0E 7F 00 00 0E 7F 00 00 00 2C 00 0A FF EE 12 34 00 44 D4 00 00 00 C2,3711,3711,44,4660,2026-04-07 14:18:51.463,68,10,-18,
FF FF FF FF 00 25 00 45 20 01 01 02 00 00 0E 7F 00 00 0E 7F 00 00 00 2C 00 0A FF EE 12 34 00 45 D2 00 00 00 C4,3711,3711,44,4660,2026-04-07 14:18:51.556,69,10,-18,
FF FF FF FF 00 25 00 46 20 01 01 02 00 00 0E 7F 00 00 0E 7F 00 00 00 2D 00 0B FF EE 12 34 00 46 D5 00 00 00 C3,3711,3711,45,4660,2026-04-07 14:18:51.665,70,11,-18,
FF FF FF FF 00 25 00 47 20 01 01 02 00 00 0E 7F 00 00 0E 7F 00 00 00 2C 00 0A FF EE 12 34 00 47 D5 00 00 00 C3,3711,3711,44,4660,2026-04-07 14:18:51.757,71,10,-18,
FF FF FF FF 00 25 00 48 20 01 01 02 00 00 0E 7F 00 00 0E 7F 00 00 00 2C 00 0A FF EE 12 34 00 48 D4 00 00 00 C2,3711,3711,44,4660,2026-04-07 14:18:51.852,72,10,-18,
FF FF FF FF 00 25 00 49 20 01 01 02 00 00 0E 7F 00 00 0E 7F 00 00 00 2C 00 0A FF ED 12 34 00 49 D5 00 00 00 C0,3711,3711,44,4660,2026-04-07 14:18:51.962,73,10,-19,
FF FF FF FF 00 25 00 4A 20 01 01 02 00 00 0E 7F 00 00 0E 7F 00 00 00 2C 00 09 FF ED 12 34 00 4A D5 00 00 00 C3,3711,3711,44,4660,2026-04-07 14:18:52.056,74,9,-19,
FF FF FF FF 00 25 00 4B 20 01 01 02 00 00 0E 7F 00 00 0E 7F 00 00 00 2C 00 08 FF EC 12 34 00 4B D5 00 00 00 C3,3711,3711,44,4660,2026-04-07 14:18:52.164,75,8,-20,
FF FF FF FF 00 25 00 4C 20 01 01 02 00 00 0E 7F 00 00 0E 7F 00 00 00 2C 00 07 FF EC 12 34 00 4C D6 00 00 00 CF,3711,3711,44,4660,2026-04-07 14:18:52.259,76,7,-20,
FF FF FF FF 00 25 00 4D 20 01 01 02 00 00 0E 7F 00 00 0E 7F 00 00 00 2C 00 07 FF EC 12 34 00 4D D4 00 00 00 CD,3711,3711,44,4660,2026-04-07 14:18:52.354,77,7,-20,
FF FF FF FF 00 25 00 4E 20 01 01 02 00 00 0E 7F 00 00 0E 7F 00 00 00 2C 00 07 FF ED 12 34 00 4E D5 00 00 00 CD,3711,3711,44,4660,2026-04-07 14:18:52.465,78,7,-19,
FF FF FF FF 00 25 00 4F 20 01 01 02 00 00 0E 7F 00 00 0E 7F 00 00 00 2C 00 07 FF EE 12 34 00 4F D4 00 00 00 CF,3711,3711,44,4660,2026-04-07 14:18:52.560,79,7,-18,
FF FF FF FF 00 25 00 50 20 01 01 02 00 00 0E 7F 00 00 0E 7F 00 00 00 2C 00 07 FF ED 12 34 00 50 D5 00 00 00 CD,3711,3711,44,4660,2026-04-07 14:18:52.654,80,7,-19,
FF FF FF FF 00 25 00 51 20 01 01 02 00 00 0E 7F 00 00 0E 7F 00 00 00 2C 00 08 FF ED 12 34 00 51 D5 00 00 00 C2,3711,3711,44,4660,2026-04-07 14:18:52.762,81,8,-19,
FF FF FF FF 00 25 00 52 20 01 01 02 00 00 0E 7F 00 00 0E 7F 00 00 00 2C 00 09 FF EE 12 34 00 52 D4 00 00 00 C1,3711,3711,44,4660,2026-04-07 14:18:52.858,82,9,-18,
FF FF FF FF 00 25 00 53 20 01 01 02 00 00 0E 7F 00 00 0E 7F 00 00 00 2C 00 09 FF EE 12 34 00 53 D5 00 00 00 C0,3711,3711,44,4660,2026-04-07 14:18:52.951,83,9,-18,
FF FF FF FF 00 25 00 54 20 01 01 02 00 00 0E 7F 00 00 0E 7F 00 00 00 2C 00 08 FF ED 12 34 00 54 D4 00 00 00 C3,3711,3711,44,4660,2026-04-07 14:18:53.061,84,8,-19,
FF FF FF FF 00 25 00 55 20 01 01 02 00 00 0E 7F 00 00 0E 7F 00 00 00 2C 00 07 FF ED 12 34 00 55 D4 00 00 00 CC,3711,3711,44,4660,2026-04-07 14:18:53.156,85,7,-19,
FF FF FF FF 00 25 00 56 20 01 01 02 00 00 0E 7F 00 00 0E 7F 00 00 00 2C 00 07 FF ED 12 34 00 56 D6 00 00 00 CE,3711,3711,44,4660,2026-04-07 14:18:53.268,86,7,-19,
FF FF FF FF 00 25 00 57 20 01 01 02 00 00 0E 7F 00 00 0E 7F 00 00 00 2B 00 08 FF EE 12 34 00 57 D2 00 00 00 C1,3711,3711,43,4660,2026-04-07 14:18:53.362,87,8,-18,
FF FF FF FF 00 25 00 58 20 01 01 02 00 00 0E 7F 00 00 0E 7F 00 00 00 2B 00 0A FF EE 12 34 00 58 D1 00 00 00 C0,3711,3711,43,4660,2026-04-07 14:18:53.456,88,10,-18,
FF FF FF FF 00 25 00 59 20 01 01 02 00 00 0E 7F 00 00 0E 7F 00 00 00 2C 00 0B FF EF 12 34 00 59 D0 00 00 00 C6,3711,3711,44,4660,2026-04-07 14:18:53.564,89,11,-17,
FF FF FF FF 00 25 00 5A 20 01 01 02 00 00 0E 7F 00 00 0E 7F 00 00 00 2A 00 0A FF F0 12 34 00 5A CD 00 00 00 C3,3711,3711,42,4660,2026-04-07 14:18:53.657,90,10,-16,
FF FF FF FF 00 25 00 5B 20 01 01 02 00 00 0E 7F 00 00 0E 7F 00 00 00 25 00 09 FF F1 12 34 00 5B CD 00 00 00 CE,3711,3711,37,4660,2026-04-07 14:18:53.763,91,9,-15,
FF FF FF FF 00 25 00 5C 20 01 01 02 00 00 0E 7F 00 00 0E 7F 00 00 00 25 00 08 FF F1 12 34 00 5C CF 00 00 00 CD,3711,3711,37,4660,2026-04-07 14:18:53.857,92,8,-15,
FF FF FF FF 00 25 00 5D 20 01 01 02 00 00 0E 7F 00 00 0E 7F 00 00 00 23 00 07 FF F1 12 34 00 5D D0 00 00 00 DB,3711,3711,35,4660,2026-04-07 14:18:53.952,93,7,-15,
FF FF FF FF 00 25 00 5E 20 01 01 02 00 00 0E 7F 00 00 0E 7F 00 00 00 23 00 06 FF F1 12 34 00 5E D1 00 00 00 DB,3711,3711,35,4660,2026-04-07 14:18:54.060,94,6,-15,
FF FF FF FF 00 25 00 5F 20 01 01 02 00 00 0E 7F 00 00 0E 7F 00 00 00 23 00 04 FF F0 12 34 00 5F D1 00 00 00 D8,3711,3711,35,4660,2026-04-07 14:18:54.154,95,4,-16,
FF FF FF FF 00 25 00 60 20 01 01 02 00 00 0E 7F 00 00 0E 7F 00 00 00 23 00 04 FF F1 12 34 00 60 D1 00 00 00 D9,3711,3711,35,4660,2026-04-07 14:18:54.263,96,4,-15,
FF FF FF FF 00 25 00 61 20 01 01 02 00 00 0E 7F 00 00 0E 7F 00 00 00 23 00 04 FF F1 12 34 00 61 CE 00 00 00 C6,3711,3711,35,4660,2026-04-07 14:18:54.356,97,4,-15,
FF FF FF FF 00 25 00 62 20 01 01 02 00 00 0E 7F 00 00 0E 7F 00 00 00 23 00 04 FF F1 12 34 00 62 D1 00 00 00 D9,3711,3711,35,4660,2026-04-07 14:18:54.467,98,4,-15,
FF FF FF FF 00 25 00 63 20 01 01 02 00 00 0E 7F 00 00 0E 7F 00 00 00 23 00 04 FF F0 12 34 00 63 CE 00 00 00 C7,3711,3711,35,4660,2026-04-07 14:18:54.561,99,4,-16,
FF FF FF FF 00 25 00 64 20 01 01 02 00 00 0E 7F 00 00 0E 7F 00 00 00 22 00 04 FF F0 12 34 00 64 D0 00 00 00 D8,3711,3711,34,4660,2026-04-07 14:18:54.654,100,4,-16,
FF FF FF FF 00 25 00 65 20 01 01 02 00 00 0E 7F 00 00 0E 7F 00 00 00 22 00 03 FF F0 12 34 00 65 D1 00 00 00 DE,3711,3711,34,4660,2026-04-07 14:18:54.764,101,3,-16,
FF FF FF FF 00 25 00 66 20 01 01 02 00 00 0E 7F 00 00 0E 7F 00 00 00 22 00 02 FF F0 12 34 00 66 D1 00 00 00 DF,3711,3711,34,4660,2026-04-07 14:18:54.859,102,2,-16,
FF FF FF FF 00 25 00 67 20 01 01 02 00 00 0E 7F 00 00 0E 7F 00 00 00 21 00 02 FF F0 12 34 00 67 D0 00 00 00 DD,3711,3711,33,4660,2026-04-07 14:18:54.951,103,2,-16,
FF FF FF FF 00 25 00 68 20 01 01 02 00 00 0E 7F 00 00 0E 7F 00 00 00 21 00 01 FF F0 12 34 00 68 CE 00 00 00 C0,3711,3711,33,4660,2026-04-07 14:18:55.060,104,1,-16,
FF FF FF FF 00 25 00 69 20 01 01 02 00 00 0E 7F 00 00 0E 7F 00 00 00 20 00 03 FF F0 12 34 00 69 CF 00 00 00 C2,3711,3711,32,4660,2026-04-07 14:18:55.154,105,3,-16,
FF FF FF FF 00 25 00 6A 20 01 01 02 00 00 0E 7F 00 00 0E 7F 00 00 00 20 00 02 FF F0 12 34 00 6A CE 00 00 00 C2,3711,3711,32,4660,2026-04-07 14:18:55.262,106,2,-16,
FF FF FF FF 00 25 00 6B 20 01 01 02 00 00 0E 7F 00 00 0E 7F 00 00 00 1F 00 03 FF F1 12 34 00 6B CF 00 00 00 FC,3711,3711,31,4660,2026-04-07 14:18:55.356,107,3,-15,
FF FF FF FF 00 25 00 6C 20 01 01 02 00 00 0E 7F 00 00 0E 7F 00 00 00 1E 00 03 FF F1 12 34 00 6C CF 00 00 00 FD,3711,3711,30,4660,2026-04-07 14:18:55.464,108,3,-15,
FF FF FF FF 00 25 00 6D 20 01 01 02 00 00 0E 7F 00 00 0E 7F 00 00 00 1E 00 02 FF F1 12 34 00 6D CC 00 00 00 FF,3711,3711,30,4660,2026-04-07 14:18:55.557,109,2,-15,
FF FF FF FF 00 25 00 6E 20 01 01 02 00 00 0E 7F 00 00 0E 7F 00 00 00 1F 00 01 FF F0 12 34 00 6E CE 00 00 00 FE,3711,3711,31,4660,2026-04-07 14:18:55.652,110,1,-16,
FF FF FF FF 00 25 00 6F 20 01 01 02 00 00 0E 7F 00 00 0E 7F 00 00 00 1F 00 01 FF F0 12 34 00 6F CD 00 00 00 FD,3711,3711,31,4660,2026-04-07 14:18:55.763,111,1,-16,
FF FF FF FF 00 25 00 70 20 01 01 02 00 00 0E 7F 00 00 0E 7F 00 00 00 20 00 02 FF F1 12 34 00 70 CE 00 00 00 C3,3711,3711,32,4660,2026-04-07 14:18:55.857,112,2,-15,
FF FF FF FF 00 25 00 71 20 01 01 02 00 00 0E 7F 00 00 0E 7F 00 00 00 21 00 01 FF F0 12 34 00 71 CE 00 00 00 C0,3711,3711,33,4660,2026-04-07 14:18:55.964,113,1,-16,
FF FF FF FF 00 25 00 72 20 01 01 02 00 00 0E 7F 00 00 0E 7F 00 00 00 21 00 01 FF F0 12 34 00 72 CF 00 00 00 C1,3711,3711,33,4660,2026-04-07 14:18:56.057,114,1,-16,
FF FF FF FF 00 25 00 73 20 01 01 02 00 00 0E 7F 00 00 0E 7F 00 00 00 21 00 02 FF F1 12 34 00 73 CF 00 00 00 C3,3711,3711,33,4660,2026-04-07 14:18:56.166,115,2,-15,
FF FF FF FF 00 25 00 74 20 01 01 02 00 00 0E 7F 00 00 0E 7F 00 00 00 20 00 01 FF F0 12 34 00 74 CF 00 00 00 C0,3711,3711,32,4660,2026-04-07 14:18:56.260,116,1,-16,
FF FF FF FF 00 25 00 75 20 01 01 02 00 00 0E 7F 00 00 0E 7F 00 00 00 20 00 02 FF F0 12 34 00 75 CF 00 00 00 C3,3711,3711,32,4660,2026-04-07 14:18:56.355,117,2,-16,
FF FF FF FF 00 25 00 76 20 01 01 02 00 00 0E 7F 00 00 0E 7F 00 00 00 20 00 01 FF F0 12 34 00 76 CD 00 00 00 C2,3711,3711,32,4660,2026-04-07 14:18:56.464,118,1,-16,
FF FF FF FF 00 25 00 77 20 01 01 02 00 00 0E 7F 00 00 0E 7F 00 00 00 1F 00 02 FF F0 12 34 00 77 CF 00 00 00 FC,3711,3711,31,4660,2026-04-07 14:18:56.559,119,2,-16,
FF FF FF FF 00 25 00 78 20 01 01 02 00 00 0E 7F 00 00 0E 7F 00 00 00 20 00 01 FF F0 12 34 00 78 CE 00 00 00 C1,3711,3711,32,4660,2026-04-07 14:18:56.655,120,1,-16,
FF FF FF FF 00 25 00 79 20 01 01 02 00 00 0E 7F 00 00 0E 7F 00 00 00 1D 00 02 FF F3 12 34 00 79 CC 00 00 00 FE,3711,3711,29,4660,2026-04-07 14:18:56.765,121,2,-13,
FF FF FF FF 00 25 00 7A 20 01 01 02 00 00 0E 7F 00 00 0E 7F 00 00 00 1D 00 02 FF F2 12 34 00 7A CA 00 00 00 F9,3711,3711,29,4660,2026-04-07 14:18:56.860,122,2,-14,
FF FF FF FF 00 25 00 7B 20 01 01 02 00 00 0E 7F 00 00 0E 7F 00 00 00 1E 00 04 FF F4 12 34 00 7B CA 00 00 00 FA,3711,3711,30,4660,2026-04-07 14:18:56.955,123,4,-12,
FF FF FF FF 00 25 00 7C 20 01 01 02 00 00 0E 7F 00 00 0E 7F 00 00 00 1E 00 05 FF F5 12 34 00 7C CB 00 00 00 FB,3711,3711,30,4660,2026-04-07 14:18:57.061,124,5,-11,
FF FF FF FF 00 25 00 7D 20 01 01 02 00 00 0E 7F 00 00 0E 7F 00 00 00 1F 00 06 FF F5 12 34 00 7D CC 00 00 00 FE,3711,3711,31,4660,2026-04-07 14:18:57.153,125,6,-11,
FF FF FF FF 00 25 00 7E 20 01 01 02 00 00 0E 7F 00 00 0E 7F 00 00 00 1F 00 06 FF F6 12 34 00 7E CB 00 00 00 FA,3711,3711,31,4660,2026-04-07 14:18:57.261,126,6,-10,
FF FF FF FF 00 25 00 7F 20 01 01 02 00 00 0E 7F 00 00 0E 7F 00 00 00 1E 00 05 FF F6 12 34 00 7F CB 00 00 00 F8,3711,3711,30,4660,2026-04-07 14:18:57.353,127,5,-10,
FF FF FF FF 00 25 00 80 20 01 01 02 00 00 0E 7F 00 00 0E 7F 00 00 00 1E 00 05 FF F5 12 34 00 80 CA 00 00 00 FA,3711,3711,30,4660,2026-04-07 14:18:57.462,128,5,-11,
FF FF FF FF 00 25 00 81 20 01 01 02 00 00 0E 7F 00 00 0E 7F 00 00 00 1D 00 05 FF F6 12 34 00 81 CA 00 00 00 FA,3711,3711,29,4660,2026-04-07 14:18:57.556,129,5,-10,
FF FF FF FF 00 25 00 82 20 01 01 02 00 00 0E 7F 00 00 0E 7F 00 00 00 1B 00 05 FF F6 12 34 00 82 CA 00 00 00 FC,3711,3711,27,4660,2026-04-07 14:18:57.667,130,5,-10,
FF FF FF FF 00 25 00 83 20 01 01 02 00 00 0E 7F 00 00 0E 7F 00 00 00 1A 00 04 FF F6 12 34 00 83 CB 00 00 00 FD,3711,3711,26,4660,2026-04-07 14:18:57.760,131,4,-10,
FF FF FF FF 00 25 00 84 20 01 01 02 00 00 0E 7F 00 00 0E 7F 00 00 00 1A 00 05 FF F6 12 34 00 84 CB 00 00 00 FC,3711,3711,26,4660,2026-04-07 14:18:57.856,132,5,-10,
FF FF FF FF 00 25 00 85 20 01 01 02 00 00 0E 7F 00 00 0E 7F 00 00 00 1B 00 04 FF F7 12 34 00 85 CC 00 00 00 FA,3711,3711,27,4660,2026-04-07 14:18:57.964,133,4,-9,
FF FF FF FF 00 25 00 86 20 01 01 02 00 00 0E 7F 00 00 0E 7F 00 00 00 1B 00 04 FF F7 12 34 00 86 CB 00 00 00 FD,3711,3711,27,4660,2026-04-07 14:18:58.057,134,4,-9,
FF FF FF FF 00 25 00 87 20 01 01 02 00 00 0E 7F 00 00 0E 7F 00 00 00 1B 00 04 FF F6 12 34 00 87 CA 00 00 00 FD,3711,3711,27,4660,2026-04-07 14:18:58.165,135,4,-10,
FF FF FF FF 00 25 00 88 20 01 01 02 00 00 0E 7F 00 00 0E 7F 00 00 00 1A 00 04 FF F6 12 34 00 88 CA 00 00 00 FC,3711,3711,26,4660,2026-04-07 14:18:58.260,136,4,-10,
FF FF FF FF 00 25 00 89 20 01 01 02 00 00 0E 7F 00 00 0E 7F 00 00 00 19 00 03 FF F5 12 34 00 89 CA 00 00 00 FB,3711,3711,25,4660,2026-04-07 14:18:58.354,137,3,-11,
FF FF FF FF 00 25 00 8A 20 01 01 02 00 00 0E 7F 00 00 0E 7F 00 00 00 1A 00 04 FF F6 12 34 00 8A CB 00 00 00 FD,3711,3711,26,4660,2026-04-07 14:18:58.464,138,4,-10,
FF FF FF FF 00 25 00 8B 20 01 01 02 00 00 0E 7F 00 00 0E 7F 00 00 00 1A 00 04 FF F6 12 34 00 8B CB 00 00 00 FD,3711,3711,26,4660,2026-04-07 14:18:58.558,139,4,-10,
FF FF FF FF 00 25 00 8C 20 01 01 02 00 00 0E 7F 00 00 0E 7F 00 00 00 19 00 04 FF F7 12 34 00 8C CB 00 00 00 FF,3711,3711,25,4660,2026-04-07 14:18:58.666,140,4,-9,
FF FF FF FF 00 25 00 8D 20 01 01 02 00 00 0E 7F 00 00 0E 7F 00 00 00 19 00 05 FF F7 12 34 00 8D C9 00 00 00 FC,3711,3711,25,4660,2026-04-07 14:18:58.761,141,5,-9,
FF FF FF FF 00 25 00 8E 20 01 01 02 00 00 0E 7F 00 00 0E 7F 00 00 00 18 00 05 FF F8 12 34 00 8E CA 00 00 00 F1,3711,3711,24,4660,2026-04-07 14:18:58.857,142,5,-8,
FF FF FF FF 00 25 00 8F 20 01 01 02 00 00 0E 7F 00 00 0E 7F 00 00 00 18 00 05 FF F8 12 34 00 8F C9 00 00 00 F2,3711,3711,24,4660,2026-04-07 14:18:58.967,143,5,-8,
FF FF FF FF 00 25 00 90 20 01 01 02 00 00 0E 7F 00 00 0E 7F 00 00 00 18 00 04 FF F7 12 34 00 90 C9 00 00 00 FC,3711,3711,24,4660,2026-04-07 14:18:59.061,144,4,-9,
FF FF FF FF 00 25 00 91 20 01 01 02 00 00 0E 7F 00 00 0E 7F 00 00 00 18 00 04 FF F7 12 34 00 91 C9 00 00 00 FC,3711,3711,24,4660,2026-04-07 14:18:59.153,145,4,-9,
FF FF FF FF 00 25 00 92 20 01 01 02 00 00 0E 7F 00 00 0E 7F 00 00 00 17 00 04 FF F7 12 34 00 92 CA 00 00 00 F0,3711,3711,23,4660,2026-04-07 14:18:59.262,146,4,-9,
FF FF FF FF 00 25 00 93 20 01 01 02 00 00 0E 7F 00 00 0E 7F 00 00 00 18 00 05 FF F7 12 34 00 93 C9 00 00 00 FD,3711,3711,24,4660,2026-04-07 14:18:59.355,147,5,-9,
FF FF FF FF 00 25 00 94 20 01 01 02 00 00 0E 7F 00 00 0E 7F 00 00 00 19 00 04 FF F7 12 34 00 94 CA 00 00 00 FE,3711,3711,25,4660,2026-04-07 14:18:59.464,148,4,-9,
FF FF FF FF 00 25 00 95 20 01 01 02 00 00 0E 7F 00 00 0E 7F 00 00 00 18 00 04 FF F9 12 34 00 95 C9 00 00 00 F2,3711,3711,24,4660,2026-04-07 14:18:59.556,149,4,-7,
FF FF FF FF 00 25 00 07 20 01 01 02 00 00 00 33 00 00 00 33 00 00 00 04 00 23 00 14 12 34 02 B1 C7 00 00 00 61,51,51,4,4660,2026-04-07 14:48:34.462,689,35,20,
FF FF FF FF 00 25 00 08 20 01 01 02 00 00 00 33 00 00 00 33 00 00 00 02 00 2C 00 0E 12 34 02 B2 C8 00 00 00 71,51,51,2,4660,2026-04-07 14:48:34.478,690,44,14,
FF FF FF FF 00 25 00 09 20 01 01 02 00 00 00 33 00 00 00 33 00 00 00 01 00 29 00 10 12 34 02 B3 C6 00 00 00 67,51,51,1,4660,2026-04-07 14:48:34.509,691,41,16,
FF FF FF FF 00 25 00 0A 20 01 01 02 00 00 00 33 00 00 00 33 00 00 00 02 00 27 00 11 12 34 02 B4 C7 00 00 00 6E,51,51,2,4660,2026-04-07 14:48:34.557,692,39,17,
FF FF FF FF 00 25 00 0B 20 01 01 02 00 00 00 33 00 00 00 33 00 00 00 04 00 25 00 12 12 34 02 B5 C7 00 00 00 69,51,51,4,4660,2026-04-07 14:48:34.605,693,37,18,
FF FF FF FF 00 25 00 0C 20 01 01 02 00 00 00 33 00 00 00 33 00 00 00 03 00 24 00 13 12 34 02 B6 C6 00 00 00 6B,51,51,3,4660,2026-04-07 14:48:34.636,694,36,19,
FF FF FF FF 00 25 00 0D 20 01 01 02 00 00 00 33 00 00 00 33 00 00 00 03 00 23 00 13 12 34 02 B7 C8 00 00 00 62,51,51,3,4660,2026-04-07 14:48:34.652,695,35,19,
FF FF FF FF 00 25 00 0E 20 01 01 02 00 00 00 33 00 00 00 33 00 00 00 02 00 22 00 14 12 34 02 B9 C7 00 00 00 67,51,51,2,4660,2026-04-07 14:48:34.684,697,34,20,
FF FF FF FF 00 25 00 06 20 01 01 02 00 00 00 33 00 00 00 33 00 00 00 03 00 21 00 0F 12 34 02 B0 C7 00 00 00 7F,51,51,2,4660,2026-04-07 14:48:34.731,698,33,21,
FF FF FF FF 00 25 00 0F 20 01 01 02 00 00 00 33 00 00 00 33 00 00 00 02 00 21 00 15 12 34 02 BA C7 00 00 00 67,51,51,2,4660,2026-04-07 14:48:34.731,698,33,21,
FF FF FF FF 00 25 00 10 20 01 01 02 00 00 00 33 00 00 00 33 00 00 00 01 00 22 00 15 12 34 02 BB C7 00 00 00 79,51,51,1,4660,2026-04-07 14:48:34.763,699,34,21,
FF FF FF FF 00 25 00 11 20 01 01 02 00 00 00 33 00 00 00 33 00 00 00 02 00 21 00 15 12 34 02 BC C6 00 00 00 7E,51,51,2,4660,2026-04-07 14:48:34.779,700,33,21,
FF FF FF FF 00 25 00 12 20 01 01 02 00 00 00 33 00 00 00 33 00 00 00 03 00 20 00 15 12 34 02 BD C6 00 00 00 7C,51,51,3,4660,2026-04-07 14:48:34.810,701,32,21,
FF FF FF FF 00 25 00 13 20 01 01 02 00 00 00 33 00 00 00 33 00 00 00 02 00 21 00 16 12 34 02 BE C7 00 00 00 7C,51,51,2,4660,2026-04-07 14:48:34.857,702,33,22,
FF FF FF FF 00 25 00 14 20 01 01 02 00 00 00 33 00 00 00 33 00 00 00 04 00 21 00 16 12 34 02 BF C7 00 00 00 7C,51,51,4,4660,2026-04-07 14:48:34.905,703,33,22,
FF FF FF FF 00 25 00 15 20 01 01 02 00 00 00 33 00 00 00 33 00 00 00 05 00 20 00 17 12 34 02 C0 C7 00 00 00 03,51,51,5,4660,2026-04-07 14:48:34.935,704,32,23,
FF FF FF FF 00 25 00 16 20 01 01 02 00 00 00 33 00 00 00 33 00 00 00 04 00 20 00 17 12 34 02 C1 C6 00 00 00 01,51,51,4,4660,2026-04-07 14:48:34.951,705,32,23,
FF FF FF FF 00 25 00 17 20 01 01 02 00 00 00 33 00 00 00 33 00 00 00 03 00 20 00 16 12 34 02 C2 C7 00 00 00 04,51,51,3,4660,2026-04-07 14:48:34.983,706,32,22,
FF FF FF FF 00 25 00 18 20 01 01 02 00 00 00 33 00 00 00 33 00 00 00 04 00 20 00 16 12 34 02 C3 C7 00 00 00 0D,51,51,4,4660,2026-04-07 14:48:35.030,707,32,22,
FF FF FF FF 00 25 00 19 20 01 01 02 00 00 00 33 00 00 00 33 00 00 00 04 00 20 00 16 12 34 02 C4 C7 00 00 00 0B,51,51,4,4660,2026-04-07 14:48:35.062,708,32,22,
FF FF FF FF 00 25 00 1A 20 01 01 02 00 00 00 33 00 00 00 33 00 00 00 03 00 20 00 16 12 34 02 C5 C4 00 00 00 0D,51,51,3,4660,2026-04-07 14:48:35.077,709,32,22,
FF FF FF FF 00 25 00 1B 20 01 01 02 00 00 00 33 00 00 00 33 00 00 00 03 00 20 00 16 12 34 02 C6 C8 00 00 00 03,51,51,3,4660,2026-04-07 14:48:35.109,710,32,22,
FF FF FF FF 00 25 00 1C 20 01 01 02 00 00 00 33 00 00 00 33 00 00 00 03 00 20 00 17 12 34 02 C7 C7 00 00 00 0B,51,51,3,4660,2026-04-07 14:48:35.155,711,32,23,
FF FF FF FF 00 25 00 1D 20 01 01 02 00 00 00 33 00 00 00 33 00 00 00 02 00 21 00 17 12 34 02 C8 CA 00 00 00 08,51,51,2,4660,2026-04-07 14:48:35.186,712,33,23,
FF FF FF FF 00 25 00 1E 20 01 01 02 00 00 00 33 00 00 00 33 00 00 00 02 00 20 00 17 12 34 02 C9 C7 00 00 00 06,51,51,2,4660,2026-04-07 14:48:35.232,713,32,23,
FF FF FF FF 00 25 00 1F 20 01 01 02 00 00 00 33 00 00 00 33 00 00 00 02 00 20 00 17 12 34 02 CA C9 00 00 00 0A,51,51,2,4660,2026-04-07 14:48:35.263,714,32,23,
FF FF FF FF 00 25 00 20 20 01 01 02 00 00 00 33 00 00 00 33 00 00 00 02 00 20 00 16 12 34 02 CB C7 00 00 00 3B,51,51,2,4660,2026-04-07 14:48:35.279,715,32,22,
FF FF FF FF 00 25 00 21 20 01 01 02 00 00 00 33 00 00 00 33 00 00 00 02 00 20 00 17 12 34 02 CC C6 00 00 00 3D,51,51,2,4660,2026-04-07 14:48:35.311,716,32,23,
FF FF FF FF 00 25 00 22 20 01 01 02 00 00 00 33 00 00 00 33 00 00 00 02 00 20 00 16 12 34 02 CD C7 00 00 00 3F,51,51,2,4660,2026-04-07 14:48:35.326,717,32,22,
FF FF FF FF 00 25 00 23 20 01 01 02 00 00 00 33 00 00 00 33 00 00 00 01 00 20 00 16 12 34 02 CE C6 00 00 00 3F,51,51,1,4660,2026-04-07 14:48:35.358,718,32,22,
FF FF FF FF 00 25 00 24 20 01 01 02 00 00 00 33 00 00 00 33 00 00 00 01 00 1F 00 17 12 34 02 CF C8 00 00 00 09,51,51,1,4660,2026-04-07 14:48:35.405,719,31,23,
FF FF FF FF 00 25 00 25 20 01 01 02 00 00 00 33 00 00 00 33 00 00 00 03 00 1F 00 17 12 34 02 D0 C6 00 00 00 1B,51,51,3,4660,2026-04-07 14:48:35.437,720,31,23,
FF FF FF FF 00 25 00 26 20 01 01 02 00 00 00 33 00 00 00 33 00 00 00 02 00 20 00 17 12 34 02 D1 C7 00 00 00 26,51,51,2,4660,2026-04-07 14:48:35.453,721,32,23,
FF FF FF FF 00 25 00 27 20 01 01 02 00 00 00 33 00 00 00 33 00 00 00 02 00 1F 00 17 12 34 02 D2 C6 00 00 00 1A,51,51,2,4660,2026-04-07 14:48:35.485,722,31,23,
FF FF FF FF 00 25 00 28 20 01 01 02 00 00 00 33 00 00 00 33 00 00 00 07 00 1F 00 17 12 34 02 D3 CA 00 00 00 1D,51,51,7,4660,2026-04-07 14:48:35.501,723,31,23,
FF FF FF FF 00 25 00 29 20 01 01 02 00 00 00 33 00 00 00 33 00 00 00 06 00 1F 00 16 12 34 02 D4 C7 00 00 00 16,51,51,6,4660,2026-04-07 14:48:35.533,724,31,22,
FF FF FF FF 00 25 00 2A 20 01 01 02 00 00 00 33 00 00 00 33 00 00 00 05 00 1F 00 16 12 34 02 D5 C6 00 00 00 16,51,51,5,4660,2026-04-07 14:48:35.580,725,31,22,
FF FF FF FF 00 25 00 2B 20 01 01 02 00 00 00 33 00 00 00 33 00 00 00 04 00 20 00 15 12 34 02 D6 C5 00 00 00 2A,51,51,4,4660,2026-04-07 14:48:35.612,726,32,21,
FF FF FF FF 00 25 00 2C 20 01 01 02 00 00 00 33 00 00 00 33 00 00 00 03 00 20 00 16 12 34 02 D7 C7 00 00 00 2A,51,51,3,4660,2026-04-07 14:48:35.628,727,32,22,
FF FF FF FF 00 25 00 2D 20 01 01 02 00 00 00 33 00 00 00 33 00 00 00 03 00 20 00 17 12 34 02 D8 C6 00 00 00 24,51,51,3,4660,2026-04-07 14:48:35.660,728,32,23,
FF FF FF FF 00 25 00 2E 20 01 01 02 00 00 00 33 00 00 00 33 00 00 00 05 00 20 00 16 12 34 02 D9 C6 00 00 00 21,51,51,5,4660,2026-04-07 14:48:35.705,729,32,22,
FF FF FF FF 00 25 00 2F 20 01 01 02 00 00 00 33 00 00 00 33 00 00 00 05 00 1F 00 16 12 34 02 DA C6 00 00 00 1C,51,51,5,4660,2026-04-07 14:48:35.737,730,31,22,
FF FF FF FF 00 25 00 30 20 01 01 02 00 00 00 33 00 00 00 33 00 00 00 04 00 1F 00 16 12 34 02 DB C6 00 00 00 03,51,51,4,4660,2026-04-07 14:48:35.753,731,31,22,
FF FF FF FF 00 25 00 31 20 01 01 02 00 00 00 33 00 00 00 33 00 00 00 05 00 20 00 16 12 34 02 DC C7 00 00 00 3A,51,51,5,4660,2026-04-07 14:48:35.784,732,32,22,
FF FF FF FF 00 25 00 32 20 01 01 02 00 00 00 33 00 00 00 33 00 00 00 06 00 20 00 16 12 34 02 DD C6 00 00 00 3A,51,51,6,4660,2026-04-07 14:48:35.831,733,32,22,
FF FF FF FF 00 25 00 33 20 01 01 02 00 00 00 33 00 00 00 33 00 00 00 07 00 21 00 16 12 34 02 DE C6 00 00 00 38,51,51,7,4660,2026-04-07 14:48:35.863,734,33,22,
FF FF FF FF 00 25 00 34 20 01 01 02 00 00 00 33 00 00 00 33 00 00 00 06 00 20 00 17 12 34 02 DF C7 00 00 00 3E,51,51,6,4660,2026-04-07 14:48:35.878,735,32,23,
FF FF FF FF 00 25 00 35 20 01 01 02 00 00 00 33 00 00 00 33 00 00 00 05 00 1F 00 17 12 34 02 E0 C8 00 00 00 33,51,51,5,4660,2026-04-07 14:48:35.910,736,31,23,
FF FF FF FF 00 25 00 36 20 01 01 02 00 00 00 33 00 00 00 33 00 00 00 05 00 1F 00 18 12 34 02 E1 CA 00 00 00 3C,51,51,5,4660,2026-04-07 14:48:35.926,737,31,24,
FF FF FF FF 00 25 00 37 20 01 01 02 00 00 00 33 00 00 00 33 00 00 00 04 00 1F 00 18 12 34 02 E2 C6 00 00 00 33,51,51,4,4660,2026-04-07 14:48:35.958,738,31,24,
FF FF FF FF 00 25 00 38 20 01 01 02 00 00 00 33 00 00 00 33 00 00 00 03 00 1F 00 18 12 34 02 E3 C8 00 00 00 34,51,51,3,4660,2026-04-07 14:48:36.005,739,31,24,
FF FF FF FF 00 25 00 39 20 01 01 02 00 00 00 33 00 00 00 33 00 00 00 05 00 1F 00 18 12 34 02 E4 C7 00 00 00 3B,51,51,5,4660,2026-04-07 14:48:36.037,740,31,24,
FF FF FF FF 00 25 00 3A 20 01 01 02 00 00 00 33 00 00 00 33 00 00 00 06 00 1F 00 17 12 34 02 E5 C8 00 00 00 3A,51,51,6,4660,2026-04-07 14:48:36.052,741,31,23,
FF FF FF FF 00 25 00 3B 20 01 01 02 00 00 00 33 00 00 00 33 00 00 00 05 00 1F 00 17 12 34 02 E6 C6 00 00 00 35,51,51,5,4660,2026-04-07 14:48:36.084,742,31,23,
FF FF FF FF 00 25 00 3C 20 01 01 02 00 00 00 33 00 00 00 33 00 00 00 05 00 1F 00 17 12 34 02 E7 C5 00 00 00 30,51,51,5,4660,2026-04-07 14:48:36.132,743,31,23,
FF FF FF FF 00 25 00 3D 20 01 01 02 00 00 00 33 00 00 00 33 00 00 00 06 00 1F 00 18 12 34 02 E8 C8 00 00 00 3F,51,51,6,4660,2026-04-07 14:48:36.180,744,31,24,
FF FF FF FF 00 25 00 3E 20 01 01 02 00 00 00 33 00 00 00 33 00 00 00 08 00 20 00 17 12 34 02 E9 C6 00 00 00 0D,51,51,8,4660,2026-04-07 14:48:36.212,745,32,23,
FF FF FF FF 00 25 00 3F 20 01 01 02 00 00 00 33 00 00 00 33 00 00 00 0A 00 20 00 17 12 34 02 EA C5 00 00 00 0E,51,51,10,4660,2026-04-07 14:48:36.228,746,32,23,
FF FF FF FF 00 25 00 40 20 01 01 02 00 00 00 33 00 00 00 33 00 00 00 0B 00 21 00 17 12 34 02 EB C7 00 00 00 72,51,51,11,4660,2026-04-07 14:48:36.260,747,33,23,
FF FF FF FF 00 25 00 41 20 01 01 02 00 00 00 33 00 00 00 33 00 00 00 0A 00 21 00 18 12 34 02 EC C9 00 00 00 74,51,51,10,4660,2026-04-07 14:48:36.307,748,33,24,
FF FF FF FF 00 25 00 42 20 01 01 02 00 00 00 33 00 00 00 33 00 00 00 09 00 21 00 17 12 34 02 ED C7 00 00 00 74,51,51,9,4660,2026-04-07 14:48:36.338,749,33,23,
FF FF FF FF 00 25 00 43 20 01 01 02 00 00 00 33 00 00 00 33 00 00 00 0A 00 20 00 17 12 34 02 EE C7 00 00 00 74,51,51,10,4660,2026-04-07 14:48:36.354,750,32,23,
FF FF FF FF 00 25 00 38 20 01 01 02 00 00 00 33 00 00 00 33 00 00 00 03 00 1F 00 18 12 34 02 E3 C8 00 00 00 34,51,51,3,4660,2026-04-07 14:48:36.005,739,31,24,
FF FF FF FF 00 25 00 39 20 01 01 02 00 00 00 33 00 00 00 33 00 00 00 05 00 1F 00 18 12 34 02 E4 C7 00 00 00 3B,51,51,5,4660,2026-04-07 14:48:36.037,740,31,24,
FF FF FF FF 00 25 00 3A 20 01 01 02 00 00 00 33 00 00 00 33 00 00 00 06 00 1F 00 17 12 34 02 E5 C8 00 00 00 3A,51,51,6,4660,2026-04-07 14:48:36.052,741,31,23,
FF FF FF FF 00 25 00 3B 20 01 01 02 00 00 00 33 00 00 00 33 00 00 00 05 00 1F 00 17 12 34 02 E6 C6 00 00 00 35,51,51,5,4660,2026-04-07 14:48:36.084,742,31,23,
FF FF FF FF 00 25 00 3C 20 01 01 02 00 00 00 33 00 00 00 33 00 00 00 05 00 1F 00 17 12 34 02 E7 C5 00 00 00 30,51,51,5,4660,2026-04-07 14:48:36.132,743,31,23,
FF FF FF FF 00 25 00 3D 20 01 01 02 00 00 00 33 00 00 00 33 00 00 00 06 00 1F 00 18 12 34 02 E8 C8 00 00 00 3F,51,51,6,4660,2026-04-07 14:48:36.180,744,31,24,
FF FF FF FF 00 25 00 3E 20 01 01 02 00 00 00 33 00 00 00 33 00 00 00 08 00 20 00 17 12 34 02 E9 C6 00 00 00 0D,51,51,8,4660,2026-04-07 14:48:36.212,745,32,23,
FF FF FF FF 00 25 00 3F 20 01 01 02 00 00 00 33 00 00 00 33 00 00 00 0A 00 20 00 17 12 34 02 EA C5 00 00 00 0E,51,51,10,4660,2026-04-07 14:48:36.228,746,32,23,
FF FF FF FF 00 25 00 40 20 01 01 02 00 00 00 33 00 00 00 33 00 00 00 0B 00 21 00 17 12 34 02 EB C7 00 00 00 72,51,51,11,4660,2026-04-07 14:48:36.260,747,33,23,
FF FF FF FF 00 25 00 41 20 01 01 02 00 00 00 33 00 00 00 33 00 00 00 0A 00 21 00 18 12 34 02 EC C9 00 00 00 74,51,51,10,4660,2026-04-07 14:48:36.307,748,33,24,
FF FF FF FF 00 25 00 42 20 01 01 02 00 00 00 33 00 00 00 33 00 00 00 09 00 21 00 17 12 34 02 ED C7 00 00 00 74,51,51,9,4660,2026-04-07 14:48:36.338,749,33,23,
FF FF FF FF 00 25 00 43 20 01 01 02 00 00 00 33 00 00 00 33 00 00 00 0A 00 20 00 17 12 34 02 EE C7 00 00 00 74,51,51,10,4660,2026-04-07 14:48:36.354,750,32,23,
FF FF FF FF 00 25 00 44 20 01 01 02 00 00 00 33 00 00 00 33 00 00 00 09 00 20 00 17 12 34 02 EF C5 00 00 00 73,51,51,9,4660,2026-04-07 14:48:36.385,751,32,23,
FF FF FF FF 00 25 00 45 20 01 01 02 00 00 00 33 00 00 00 33 00 00 00 08 00 21 00 17 12 34 02 F0 C5 00 00 00 6D,51,51,8,4660,2026-04-07 14:48:36.431,752,33,23,
FF FF FF FF 00 25 00 46 20 01 01 02 00 00 00 33 00 00 00 33 00 00 00 0A 00 20 00 17 12 34 02 F1 C7 00 00 00 6E,51,51,10,4660,2026-04-07 14:48:36.463,753,32,23,
FF FF FF FF 00 25 00 47 20 01 01 02 00 00 00 33 00 00 00 33 00 00 00 0B 00 20 00 17 12 34 02 F2 C6 00 00 00 6C,51,51,11,4660,2026-04-07 14:48:36.478,754,32,23,
FF FF FF FF 00 25 00 48 20 01 01 02 00 00 00 33 00 00 00 33 00 00 00 0B 00 20 00 17 12 34 02 F3 C7 00 00 00 63,51,51,11,4660,2026-04-07 14:48:36.510,755,32,23,
FF FF FF FF 00 25 00 49 20 01 01 02 00 00 00 33 00 00 00 33 00 00 00 0C 00 21 00 17 12 34 02 F4 C8 00 00 00 6C,51,51,12,4660,2026-04-07 14:48:36.557,756,33,23,
FF FF FF FF 00 25 00 4A 20 01 01 02 00 00 00 33 00 00 00 33 00 00 00 0C 00 21 00 18 12 34 02 F5 C7 00 00 00 6E,51,51,12,4660,2026-04-07 14:48:36.605,757,33,24,
FF FF FF FF 00 25 00 4B 20 01 01 02 00 00 00 33 00 00 00 33 00 00 00 0F 00 21 00 18 12 34 02 F6 C6 00 00 00 6E,51,51,15,4660,2026-04-07 14:48:36.636,758,33,24,
FF FF FF FF 00 25 00 4C 20 01 01 02 00 00 00 33 00 00 00 33 00 00 00 0D 00 21 00 18 12 34 02 F7 C6 00 00 00 6A,51,51,13,4660,2026-04-07 14:48:36.652,759,33,24,
FF FF FF FF 00 25 00 4D 20 01 01 02 00 00 00 33 00 00 00 33 00 00 00 0C 00 21 00 18 12 34 02 F8 C6 00 00 00 65,51,51,12,4660,2026-04-07 14:48:36.684,760,33,24,
FF FF FF FF 00 25 00 4E 20 01 01 02 00 00 00 33 00 00 00 33 00 00 00 0D 00 21 00 19 12 34 02 F9 C7 00 00 00 66,51,51,13,4660,2026-04-07 14:48:36.731,761,33,25,
FF FF FF FF 00 25 00 4F 20 01 01 02 00 00 00 33 00 00 00 33 00 00 00 0E 00 21 00 19 12 34 02 FA C6 00 00 00 66,51,51,14,4660,2026-04-07 14:48:36.763,762,33,25,
FF FF FF FF 00 25 00 50 20 01 01 02 00 00 00 33 00 00 00 33 00 00 00 0E 00 22 00 18 12 34 02 FB C9 00 00 00 75,51,51,14,4660,2026-04-07 14:48:36.779,763,34,24,
FF FF FF FF 00 25 00 51 20 01 01 02 00 00 00 33 00 00 00 33 00 00 00 0E 00 22 00 18 12 34 02 FC C6 00 00 00 7C,51,51,14,4660,2026-04-07 14:48:36.810,764,34,24,
FF FF FF FF 00 25 00 52 20 01 01 02 00 00 00 33 00 00 00 33 00 00 00 0E 00 22 00 18 12 34 02 FD C9 00 00 00 71,51,51,14,4660,2026-04-07 14:48:36.856,765,34,24,
FF FF FF FF 00 25 00 53 20 01 01 02 00 00 00 33 00 00 00 33 00 00 00 0D 00 22 00 19 12 34 02 FE C8 00 00 00 70,51,51,13,4660,2026-04-07 14:48:36.888,766,34,25,
FF FF FF FF 00 25 00 54 20 01 01 02 00 00 00 33 00 00 00 33 00 00 00 0C 00 21 00 1A 12 34 02 FF C7 00 00 00 78,51,51,12,4660,2026-04-07 14:48:36.904,767,33,26,
FF FF FF FF 00 25 00 55 20 01 01 02 00 00 00 33 00 00 00 33 00 00 00 0F 00 21 00 1A 12 34 03 00 C6 00 00 00 85,51,51,15,4660,2026-04-07 14:48:36.935,768,33,26,
FF FF FF FF 00 25 00 56 20 01 01 02 00 00 00 33 00 00 00 33 00 00 00 0F 00 21 00 19 12 34 03 01 C7 00 00 00 85,51,51,15,4660,2026-04-07 14:48:36.951,769,33,25,
FF FF FF FF 00 25 00 57 20 01 01 02 00 00 00 33 00 00 00 33 00 00 00 0F 00 21 00 1A 12 34 03 02 CA 00 00 00 89,51,51,15,4660,2026-04-07 14:48:36.983,770,33,26,
FF FF FF FF 00 25 00 58 20 01 01 02 00 00 00 33 00 00 00 33 00 00 00 10 00 21 00 1A 12 34 03 03 C6 00 00 00 94,51,51,16,4660,2026-04-07 14:48:37.029,771,33,26,
FF FF FF FF 00 25 00 59 20 01 01 02 00 00 00 33 00 00 00 33 00 00 00 10 00 21 00 1A 12 34 03 04 C7 00 00 00 93,51,51,16,4660,2026-04-07 14:48:37.061,772,33,26,
FF FF FF FF 00 25 00 5A 20 01 01 02 00 00 00 33 00 00 00 33 00 00 00 12 00 20 00 1A 12 34 03 05 C6 00 00 00 93,51,51,18,4660,2026-04-07 14:48:37.077,773,32,26,
FF FF FF FF 00 25 00 5B 20 01 01 02 00 00 00 33 00 00 00 33 00 00 00 12 00 20 00 1A 12 34 03 06 C7 00 00 00 90,51,51,18,4660,2026-04-07 14:48:37.108,774,32,26,
FF FF FF FF 00 25 00 5C 20 01 01 02 00 00 00 33 00 00 00 33 00 00 00 11 00 21 00 19 12 34 03 07 C8 00 00 00 98,51,51,17,4660,2026-04-07 14:48:37.156,775,33,25,
FF FF FF FF 00 25 00 5D 20 01 01 02 00 00 00 33 00 00 00 33 00 00 00 10 00 21 00 19 12 34 03 08 C6 00 00 00 99,51,51,16,4660,2026-04-07 14:48:37.185,776,33,25,
FF FF FF FF 00 25 00 5E 20 01 01 02 00 00 00 33 00 00 00 33 00 00 00 0E 00 21 00 1A 12 34 03 09 C5 00 00 00 85,51,51,14,4660,2026-04-07 14:48:37.232,777,33,26,
FF FF FF FF 00 25 00 5F 20 01 01 02 00 00 00 33 00 00 00 33 00 00 00 0C 00 20 00 1A 12 34 03 0A C9 00 00 00 88,51,51,12,4660,2026-04-07 14:48:37.263,778,32,26,
FF FF FF FF 00 25 00 60 20 01 01 02 00 00 00 33 00 00 00 33 00 00 00 0E 00 20 00 1B 12 34 03 0B C9 00 00 00 B5,51,51,14,4660,2026-04-07 14:48:37.278,779,32,27,
FF FF FF FF 00 25 00 61 20 01 01 02 00 00 00 33 00 00 00 33 00 00 00 0F 00 20 00 1B 12 34 03 0C C7 00 00 00 BC,51,51,15,4660,2026-04-07 14:48:37.309,780,32,27,
FF FF FF FF 00 25 00 62 20 01 01 02 00 00 00 33 00 00 00 33 00 00 00 10 00 21 00 1B 12 34 03 0D C6 00 00 00 A1,51,51,16,4660,2026-04-07 14:48:37.357,781,33,27,
FF FF FF FF 00 25 00 63 20 01 01 02 00 00 00 33 00 00 00 33 00 00 00 11 00 21 00 1A 12 34 03 0E C6 00 00 00 A3,51,51,17,4660,2026-04-07 14:48:37.405,782,33,26,
FF FF FF FF 00 25 00 64 20 01 01 02 00 00 00 33 00 00 00 33 00 00 00 0F 00 21 00 19 12 34 03 0F C8 00 00 00 B6,51,51,15,4660,2026-04-07 14:48:37.437,783,33,25,
FF FF FF FF 00 25 00 65 20 01 01 02 00 00 00 33 00 00 00 33 00 00 00 0E 00 20 00 1A 12 34 03 10 C6 00 00 00 A5,51,51,14,4660,2026-04-07 14:48:37.453,784,32,26,
FF FF FF FF 00 25 00 66 20 01 01 02 00 00 00 33 00 00 00 33 00 00 00 0C 00 20 00 1A 12 34 03 11 C6 00 00 00 A5,51,51,12,4660,2026-04-07 14:48:37.485,785,32,26,
FF FF FF FF 00 25 00 67 20 01 01 02 00 00 00 33 00 00 00 33 00 00 00 0C 00 20 00 1B 12 34 03 12 C7 00 00 00 A7,51,51,12,4660,2026-04-07 14:48:37.501,786,32,27,
FF FF FF FF 00 25 00 68 20 01 01 02 00 00 00 33 00 00 00 33 00 00 00 0E 00 21 00 1B 12 34 03 13 C7 00 00 00 AA,51,51,14,4660,2026-04-07 14:48:37.532,787,33,27,
FF FF FF FF 00 25 00 69 20 01 01 02 00 00 00 33 00 00 00 33 00 00 00 0F 00 21 00 1B 12 34 03 14 C6 00 00 00 AC,51,51,15,4660,2026-04-07 14:48:37.580,788,33,27,
FF FF FF FF 00 25 00 6A 20 01 01 02 00 00 00 33 00 00 00 33 00 00 00 0F 00 21 00 1A 12 34 03 15 C6 00 00 00 AF,51,51,15,4660,2026-04-07 14:48:37.611,789,33,26,
FF FF FF FF 00 25 00 6B 20 01 01 02 00 00 00 33 00 00 00 33 00 00 00 10 00 21 00 1B 12 34 03 16 C6 00 00 00 B3,51,51,16,4660,2026-04-07 14:48:37.627,790,33,27,
FF FF FF FF 00 25 00 6C 20 01 01 02 00 00 00 33 00 00 00 33 00 00 00 10 00 21 00 1B 12 34 03 17 CA 00 00 00 B9,51,51,16,4660,2026-04-07 14:48:37.658,791,33,27,
FF FF FF FF 00 25 00 6D 20 01 01 02 00 00 00 33 00 00 00 33 00 00 00 10 00 20 00 1B 12 34 03 18 C9 00 00 00 B5,51,51,16,4660,2026-04-07 14:48:37.705,792,32,27,
FF FF FF FF 00 25 00 6E 20 01 01 02 00 00 00 33 00 00 00 33 00 00 00 0F 00 1F 00 1B 12 34 03 19 C6 00 00 00 98,51,51,15,4660,2026-04-07 14:48:37.736,793,31,27,
FF FF FF FF 00 25 00 6F 20 01 01 02 00 00 00 33 00 00 00 33 00 00 00 0E 00 1F 00 1B 12 34 03 1A C6 00 00 00 9B,51,51,14,4660,2026-04-07 14:48:37.752,794,31,27,
FF FF FF FF 00 25 00 70 20 01 01 02 00 00 00 33 00 00 00 33 00 00 00 0F 00 20 00 1B 12 34 03 1B C6 00 00 00 BB,51,51,15,4660,2026-04-07 14:48:37.783,795,32,27,
FF FF FF FF 00 25 00 71 20 01 01 02 00 00 00 33 00 00 00 33 00 00 00 0F 00 20 00 1B 12 34 03 1C CC 00 00 00 B7,51,51,15,4660,2026-04-07 14:48:37.829,796,32,27,
FF FF FF FF 00 25 00 72 20 01 01 02 00 00 00 33 00 00 00 33 00 00 00 10 00 21 00 1B 12 34 03 1D C6 00 00 00 A1,51,51,16,4660,2026-04-07 14:48:37.860,797,33,27,
FF FF FF FF 00 25 00 73 20 01 01 02 00 00 00 33 00 00 00 33 00 00 00 10 00 21 00 1B 12 34 03 1E C6 00 00 00 A3,51,51,16,4660,2026-04-07 14:48:37.876,798,33,27,
FF FF FF FF 00 25 00 74 20 01 01 02 00 00 00 33 00 00 00 33 00 00 00 11 00 20 00 1B 12 34 03 1F C6 00 00 00 A5,51,51,17,4660,2026-04-07 14:48:37.907,799,32,27,
FF FF FF FF 00 25 00 75 20 01 01 02 00 00 00 33 00 00 00 33 00 00 00 11 00 20 00 1B 12 34 03 20 C6 00 00 00 9B,51,51,17,4660,2026-04-07 14:48:37.955,800,32,27,
FF FF FF FF 00 25 00 76 20 01 01 02 00 00 00 33 00 00 00 33 00 00 00 12 00 20 00 1C 12 34 03 21 C5 00 00 00 9E,51,51,18,4660,2026-04-07 14:48:37.986,801,32,28,
FF FF FF FF 00 25 00 77 20 01 01 02 00 00 00 33 00 00 00 33 00 00 00 10 00 21 00 1B 12 34 03 22 CA 00 00 00 97,51,51,16,4660,2026-04-07 14:48:38.001,802,33,27,
FF FF FF FF 00 25 00 78 20 01 01 02 00 00 00 33 00 00 00 33 00 00 00 0D 00 20 00 1B 12 34 03 23 CA 00 00 00 85,51,51,13,4660,2026-04-07 14:48:38.033,803,32,27,
FF FF FF FF 00 25 00 79 20 01 01 02 00 00 00 33 00 00 00 33 00 00 00 0D 00 20 00 1B 12 34 03 24 C8 00 00 00 81,51,51,13,4660,2026-04-07 14:48:38.080,804,32,27,
FF FF FF FF 00 25 00 7A 20 01 01 02 00 00 00 33 00 00 00 33 00 00 00 0F 00 20 00 1B 12 34 03 25 C7 00 00 00 8E,51,51,15,4660,2026-04-07 14:48:38.110,805,32,27,
FF FF FF FF 00 25 00 7B 20 01 01 02 00 00 00 33 00 00 00 33 00 00 00 10 00 1F 00 1C 12 34 03 26 C6 00 00 00 AA,51,51,16,4660,2026-04-07 14:48:38.126,806,31,28,
FF FF FF FF 00 25 00 7C 20 01 01 02 00 00 00 33 00 00 00 33 00 00 00 0E 00 26 00 18 12 34 03 27 C7 00 00 00 8E,51,51,14,4660,2026-04-07 14:48:38.158,807,38,24,
FF FF FF FF 00 25 00 7D 20 01 01 02 00 00 00 33 00 00 00 33 00 00 00 10 00 25 00 18 12 34 03 28 C7 00 00 00 9D,51,51,16,4660,2026-04-07 14:48:38.189,808,37,24,
FF FF FF FF 00 25 00 7E 20 01 01 02 00 00 00 33 00 00 00 33 00 00 00 0D 00 25 00 19 12 34 03 29 CA 00 00 00 8E,51,51,13,4660,2026-04-07 14:48:38.204,809,37,25,
FF FF FF FF 00 25 00 7F 20 01 01 02 00 00 00 33 00 00 00 33 00 00 00 0C 00 25 00 19 12 34 03 2A C4 00 00 00 83,51,51,12,4660,2026-04-07 14:48:38.235,810,37,25,
FF FF FF FF 00 25 00 80 20 01 01 02 00 00 00 33 00 00 00 33 00 00 00 0B 00 25 00 1A 12 34 03 2B C5 00 00 00 78,51,51,11,4660,2026-04-07 14:48:38.282,811,37,26,
FF FF FF FF 00 25 00 81 20 01 01 02 00 00 00 33 00 00 00 33 00 00 00 0B 00 24 00 1A 12 34 03 2C C9 00 00 00 73,51,51,11,4660,2026-04-07 14:48:38.329,812,36,26,
FF FF FF FF 00 25 00 82 20 01 01 02 00 00 00 33 00 00 00 33 00 00 00 0B 00 21 00 1E 12 34 03 2D C6 00 00 00 7F,51,51,11,4660,2026-04-07 14:48:38.360,813,33,30,
FF FF FF FF 00 25 00 83 20 01 01 02 00 00 00 33 00 00 00 33 00 00 00 0D 00 21 00 1C 12 34 03 2E C6 00 00 00 79,51,51,13,4660,2026-04-07 14:48:38.407,814,33,28,
FF FF FF FF 00 25 00 84 20 01 01 02 00 00 00 33 00 00 00 33 00 00 00 0E 00 22 00 1C 12 34 03 2F C5 00 00 00 7C,51,51,14,4660,2026-04-07 14:48:38.438,815,34,28,
FF FF FF FF 00 25 00 85 20 01 01 02 00 00 00 33 00 00 00 33 00 00 00 0F 00 22 00 1C 12 34 03 30 C8 00 00 00 6E,51,51,15,4660,2026-04-07 14:48:38.453,816,34,28,
FF FF FF FF 00 25 00 86 20 01 01 02 00 00 00 33 00 00 00 33 00 00 00 0F 00 21 00 1C 12 34 03 31 C7 00 00 00 60,51,51,15,4660,2026-04-07 14:48:38.485,817,33,28,
FF FF FF FF 00 25 00 87 20 01 01 02 00 00 00 33 00 00 00 33 00 00 00 0D 00 22 00 1B 12 34 03 32 C9 00 00 00 6A,51,51,13,4660,2026-04-07 14:48:38.501,818,34,27,
FF FF FF FF 00 25 00 88 20 01 01 02 00 00 00 33 00 00 00 33 00 00 00 0C 00 22 00 1B 12 34 03 33 C7 00 00 00 6B,51,51,12,4660,2026-04-07 14:48:38.532,819,34,27,
FF FF FF FF 00 25 00 89 20 01 01 02 00 00 00 33 00 00 00 33 00 00 00 0F 00 22 00 1B 12 34 03 34 C6 00 00 00 6F,51,51,15,4660,2026-04-07 14:48:38.580,820,34,27,
FF FF FF FF 00 25 00 8A 20 01 01 02 00 00 00 33 00 00 00 33 00 00 00 0F 00 22 00 1B 12 34 03 35 C6 00 00 00 6D,51,51,15,4660,2026-04-07 14:48:38.611,821,34,27,
FF FF FF FF 00 25 00 8B 20 01 01 02 00 00 00 33 00 00 00 33 00 00 00 10 00 22 00 1B 12 34 03 36 C9 00 00 00 7F,51,51,16,4660,2026-04-07 14:48:38.657,822,34,27,
FF FF FF FF 00 25 00 8C 20 01 01 02 00 00 00 33 00 00 00 33 00 00 00 11 00 23 00 1B 12 34 03 37 C5 00 00 00 75,51,51,17,4660,2026-04-07 14:48:38.688,823,35,27,
FF FF FF FF 00 25 00 8D 20 01 01 02 00 00 00 33 00 00 00 33 00 00 00 12 00 23 00 1B 12 34 03 38 C7 00 00 00 7A,51,51,18,4660,2026-04-07 14:48:38.704,824,35,27,
FF FF FF FF 00 25 00 8E 20 01 01 02 00 00 00 33 00 00 00 33 00 00 00 13 00 23 00 1B 12 34 03 39 C6 00 00 00 78,51,51,19,4660,2026-04-07 14:48:38.734,825,35,27,
FF FF FF FF 00 25 00 8F 20 01 01 02 00 00 00 33 00 00 00 33 00 00 00 13 00 23 00 1A 12 34 03 3A C6 00 00 00 7B,51,51,19,4660,2026-04-07 14:48:38.781,826,35,26,
FF FF FF FF 00 25 00 90 20 01 01 02 00 00 00 33 00 00 00 33 00 00 00 11 00 24 00 1A 12 34 03 3B C5 00 00 00 63,51,51,17,4660,2026-04-07 14:48:38.812,827,36,26,
FF FF FF FF 00 25 00 91 20 01 01 02 00 00 00 33 00 00 00 33 00 00 00 0F 00 24 00 1A 12 34 03 3C C5 00 00 00 7B,51,51,15,4660,2026-04-07 14:48:38.827,828,36,26,
FF FF FF FF 00 25 00 92 20 01 01 02 00 00 00 33 00 00 00 33 00 00 00 0E 00 23 00 1B 12 34 03 3D C5 00 00 00 7E,51,51,14,4660,2026-04-07 14:48:38.858,829,35,27,
FF FF FF FF 00 25 00 93 20 01 01 02 00 00 00 33 00 00 00 33 00 00 00 10 00 23 00 1B 12 34 03 3E C9 00 00 00 6E,51,51,16,4660,2026-04-07 14:48:38.906,830,35,27,
FF FF FF FF 00 25 00 94 20 01 01 02 00 00 00 33 00 00 00 33 00 00 00 11 00 22 00 1C 12 34 03 3F C8 00 00 00 6E,51,51,17,4660,2026-04-07 14:48:38.938,831,34,28,
FF FF FF FF 00 25 00 95 20 01 01 02 00 00 00 33 00 00 00 33 00 00 00 13 00 23 00 1B 12 34 03 40 C6 00 00 00 1A,51,51,19,4660,2026-04-07 14:48:38.954,832,35,27,
FF FF FF FF 00 25 00 96 20 01 01 02 00 00 00 33 00 00 00 33 00 00 00 14 00 22 00 1B 12 34 03 41 C5 00 00 00 1D,51,51,20,4660,2026-04-07 14:48:38.985,833,34,27,
FF FF FF FF 00 25 00 97 20 01 01 02 00 00 00 33 00 00 00 33 00 00 00 14 00 22 00 1B 12 34 03 42 CA 00 00 00 10,51,51,20,4660,2026-04-07 14:48:39.001,834,34,27,
FF FF FF FF 00 25 00 98 20 01 01 02 00 00 00 33 00 00 00 33 00 00 00 13 00 23 00 1B 12 34 03 43 C4 00 00 00 16,51,51,19,4660,2026-04-07 14:48:39.033,835,35,27,
FF FF FF FF 00 25 00 99 20 01 01 02 00 00 00 33 00 00 00 33 00 00 00 11 00 23 00 1B 12 34 03 44 C6 00 00 00 10,51,51,17,4660,2026-04-07 14:48:39.080,836,35,27,
FF FF FF FF 00 25 00 9A 20 01 01 02 00 00 00 33 00 00 00 33 00 00 00 11 00 23 00 1C 12 34 03 45 C7 00 00 00 14,51,51,17,4660,2026-04-07 14:48:39.112,837,35,28,
FF FF FF FF 00 25 00 9B 20 01 01 02 00 00 00 33 00 00 00 33 00 00 00 13 00 22 00 1C 12 34 03 46 C6 00 00 00 14,51,51,19,4660,2026-04-07 14:48:39.128,838,34,28,
FF FF FF FF 00 25 00 9C 20 01 01 02 00 00 00 33 00 00 00 33 00 00 00 14 00 22 00 1C 12 34 03 47 C6 00 00 00 15,51,51,20,4660,2026-04-07 14:48:39.160,839,34,28,
FF FF FF FF 00 25 00 9D 20 01 01 02 00 00 00 33 00 00 00 33 00 00 00 14 00 23 00 1B 12 34 03 48 C5 00 00 00 1E,51,51,20,4660,2026-04-07 14:48:39.207,840,35,27,
FF FF FF FF 00 25 00 9E 20 01 01 02 00 00 00 33 00 00 00 33 00 00 00 14 00 23 00 1B 12 34 03 49 C6 00 00 00 1F,51,51,20,4660,2026-04-07 14:48:39.238,841,35,27,
FF FF FF FF 00 25 00 9F 20 01 01 02 00 00 00 33 00 00 00 33 00 00 00 15 00 23 00 1B 12 34 03 4A C7 00 00 00 1D,51,51,21,4660,2026-04-07 14:48:39.254,842,35,27,
FF FF FF FF 00 25 00 A0 20 01 01 02 00 00 00 33 00 00 00 33 00 00 00 13 00 22 00 1B 12 34 03 4B C8 00 00 00 2B,51,51,19,4660,2026-04-07 14:48:39.285,843,34,27,
FF FF FF FF 00 25 00 A1 20 01 01 02 00 00 00 33 00 00 00 33 00 00 00 15 00 23 00 1B 12 34 03 4C C6 00 00 00 24,51,51,21,4660,2026-04-07 14:48:39.332,844,35,27,
FF FF FF FF 00 25 00 A2 20 01 01 02 00 00 00 33 00 00 00 33 00 00 00 14 00 23 00 1B 12 34 03 4D C6 00 00 00 27,51,51,20,4660,2026-04-07 14:48:39.380,845,35,27,
FF FF FF FF 00 25 00 A3 20 01 01 02 00 00 00 33 00 00 00 33 00 00 00 14 00 23 00 1A 12 34 03 4E C5 00 00 00 27,51,51,20,4660,2026-04-07 14:48:39.411,846,35,26,
FF FF FF FF 00 25 00 A4 20 01 01 02 00 00 00 33 00 00 00 33 00 00 00 15 00 23 00 1B 12 34 03 4F C7 00 00 00 23,51,51,21,4660,2026-04-07 14:48:39.457,847,35,27,
FF FF FF FF 00 25 00 A5 20 01 01 02 00 00 00 33 00 00 00 33 00 00 00 16 00 23 00 1B 12 34 03 50 C5 00 00 00 3C,51,51,22,4660,2026-04-07 14:48:39.488,848,35,27,
FF FF FF FF 00 25 00 A6 20 01 01 02 00 00 00 33 00 00 00 33 00 00 00 16 00 23 00 1B 12 34 03 51 C6 00 00 00 3D,51,51,22,4660,2026-04-07 14:48:39.503,849,35,27,
FF FF FF FF 00 25 00 A7 20 01 01 02 00 00 00 33 00 00 00 33 00 00 00 15 00 23 00 1B 12 34 03 52 C6 00 00 00 3C,51,51,21,4660,2026-04-07 14:48:39.534,850,35,27,
FF FF FF FF 00 25 00 A8 20 01 01 02 00 00 00 33 00 00 00 33 00 00 00 16 00 23 00 1A 12 34 03 53 C6 00 00 00 30,51,51,22,4660,2026-04-07 14:48:39.582,851,35,26,
FF FF FF FF 00 25 00 A9 20 01 01 02 00 00 00 33 00 00 00 33 00 00 00 15 00 23 00 1A 12 34 03 54 C8 00 00 00 3B,51,51,21,4660,2026-04-07 14:48:39.629,852,35,26,
FF FF FF FF 00 25 00 AA 20 01 01 02 00 00 00 33 00 00 00 33 00 00 00 13 00 23 00 1A 12 34 03 55 C5 00 00 00 32,51,51,19,4660,2026-04-07 14:48:39.661,853,35,26,
FF FF FF FF 00 25 00 AB 20 01 01 02 00 00 00 33 00 00 00 33 00 00 00 12 00 24 00 1A 12 34 03 56 C5 00 00 00 36,51,51,18,4660,2026-04-07 14:48:39.677,854,36,26,
FF FF FF FF 00 25 00 AC 20 01 01 02 00 00 00 33 00 00 00 33 00 00 00 13 00 23 00 1B 12 34 03 57 C9 00 00 00 3B,51,51,19,4660,2026-04-07 14:48:39.708,855,35,27,
FF FF FF FF 00 25 00 AD 20 01 01 02 00 00 00 33 00 00 00 33 00 00 00 12 00 23 00 1B 12 34 03 58 C8 00 00 00 35,51,51,18,4660,2026-04-07 14:48:39.754,856,35,27,
FF FF FF FF 00 25 00 AE 20 01 01 02 00 00 00 33 00 00 00 33 00 00 00 13 00 22 00 1A 12 34 03 59 C5 00 00 00 3B,51,51,19,4660,2026-04-07 14:48:39.785,857,34,26,
FF FF FF FF 00 25 00 AF 20 01 01 02 00 00 00 33 00 00 00 33 00 00 00 13 00 22 00 1A 12 34 03 5A C6 00 00 00 3A,51,51,19,4660,2026-04-07 14:48:39.832,858,34,26,
FF FF FF FF 00 25 00 B0 20 01 01 02 00 00 00 33 00 00 00 33 00 00 00 13 00 23 00 19 12 34 03 5B C7 00 00 00 27,51,51,19,4660,2026-04-07 14:48:39.862,859,35,25,
FF FF FF FF 00 25 00 B1 20 01 01 02 00 00 00 33 00 00 00 33 00 00 00 14 00 22 00 19 12 34 03 5C C6 00 00 00 26,51,51,20,4660,2026-04-07 14:48:39.878,860,34,25,
FF FF FF FF 00 25 00 B2 20 01 01 02 00 00 00 33 00 00 00 33 00 00 00 12 00 22 00 1A 12 34 03 5D CA 00 00 00 2D,51,51,18,4660,2026-04-07 14:48:39.909,861,34,26,
FF FF FF FF 00 25 00 B3 20 01 01 02 00 00 00 33 00 00 00 33 00 00 00 13 00 21 00 1B 12 34 03 5E C6 00 00 00 20,51,51,19,4660,2026-04-07 14:48:39.956,862,33,27,
FF FF FF FF 00 25 00 B4 20 01 01 02 00 00 00 33 00 00 00 33 00 00 00 13 00 22 00 1B 12 34 03 5F C6 00 00 00 25,51,51,19,4660,2026-04-07 14:48:39.988,863,34,27,
FF FF FF FF 00 25 00 B5 20 01 01 02 00 00 00 33 00 00 00 33 00 00 00 14 00 22 00 1B 12 34 03 60 C6 00 00 00 1C,51,51,20,4660,2026-04-07 14:48:40.004,864,34,27,
FF FF FF FF 00 25 00 B6 20 01 01 02 00 00 00 33 00 00 00 33 00 00 00 14 00 22 00 1C 12 34 03 61 C6 00 00 00 19,51,51,20,4660,2026-04-07 14:48:40.036,865,34,28,
FF FF FF FF 00 25 00 B7 20 01 01 02 00 00 00 33 00 00 00 33 00 00 00 15 00 22 00 1B 12 34 03 62 C7 00 00 00 1C,51,51,21,4660,2026-04-07 14:48:40.052,866,34,27,
FF FF FF FF 00 25 00 B8 20 01 01 02 00 00 00 33 00 00 00 33 00 00 00 15 00 22 00 1C 12 34 03 63 CB 00 00 00 19,51,51,21,4660,2026-04-07 14:48:40.084,867,34,28,
FF FF FF FF 00 25 00 B9 20 01 01 02 00 00 00 33 00 00 00 33 00 00 00 17 00 22 00 1C 12 34 03 64 C7 00 00 00 11,51,51,23,4660,2026-04-07 14:48:40.132,868,34,28,
FF FF FF FF 00 25 00 BA 20 01 01 02 00 00 00 33 00 00 00 33 00 00 00 16 00 22 00 1C 12 34 03 65 C6 00 00 00 13,51,51,22,4660,2026-04-07 14:48:40.180,869,34,28,
FF FF FF FF 00 25 00 BB 20 01 01 02 00 00 00 33 00 00 00 33 00 00 00 12 00 22 00 1C 12 34 03 66 CA 00 00 00 19,51,51,18,4660,2026-04-07 14:48:40.211,870,34,28,
FF FF FF FF 00 25 00 BC 20 01 01 02 00 00 00 33 00 00 00 33 00 00 00 11 00 22 00 1C 12 34 03 67 C4 00 00 00 12,51,51,17,4660,2026-04-07 14:48:40.257,871,34,28,
FF FF FF FF 00 25 00 BD 20 01 01 02 00 00 00 33 00 00 00 33 00 00 00 12 00 23 00 1C 12 34 03 68 C5 00 00 00 1F,51,51,18,4660,2026-04-07 14:48:40.287,872,35,28,
FF FF FF FF 00 25 00 BE 20 01 01 02 00 00 00 33 00 00 00 33 00 00 00 12 00 22 00 1C 12 34 03 69 C7 00 00 00 1E,51,51,18,4660,2026-04-07 14:48:40.303,873,34,28,
FF FF FF FF 00 25 00 BF 20 01 01 02 00 00 00 33 00 00 00 33 00 00 00 13 00 23 00 1C 12 34 03 6A C6 00 00 00 1D,51,51,19,4660,2026-04-07 14:48:40.334,874,35,28,
FF FF FF FF 00 25 00 C0 20 01 01 02 00 00 00 33 00 00 00 33 00 00 00 14 00 23 00 1C 12 34 03 6B C4 00 00 00 66,51,51,20,4660,2026-04-07 14:48:40.381,875,35,28,
FF FF FF FF 00 25 00 C1 20 01 01 02 00 00 00 33 00 00 00 33 00 00 00 14 00 23 00 1C 12 34 03 6C C6 00 00 00 62,51,51,20,4660,2026-04-07 14:48:40.412,876,35,28,
FF FF FF FF 00 25 00 C2 20 01 01 02 00 00 00 33 00 00 00 33 00 00 00 15 00 23 00 1C 12 34 03 6D C6 00 00 00 61,51,51,21,4660,2026-04-07 14:48:40.428,877,35,28,
FF FF FF FF 00 25 00 C3 20 01 01 02 00 00 00 33 00 00 00 33 00 00 00 14 00 23 00 1D 12 34 03 6E C8 00 00 00 6D,51,51,20,4660,2026-04-07 14:48:40.459,878,35,29,
FF FF FF FF 00 25 00 C4 20 01 01 02 00 00 00 33 00 00 00 33 00 00 00 13 00 24 00 1D 12 34 03 6F C8 00 00 00 6B,51,51,19,4660,2026-04-07 14:48:40.506,879,36,29,
FF FF FF FF 00 25 00 C5 20 01 01 02 00 00 00 33 00 00 00 33 00 00 00 14 00 24 00 1C 12 34 03 70 C6 00 00 00 7D,51,51,20,4660,2026-04-07 14:48:40.537,880,36,28,
FF FF FF FF 00 25 00 C6 20 01 01 02 00 00 00 33 00 00 00 33 00 00 00 15 00 24 00 1C 12 34 03 71 C6 00 00 00 7E,51,51,21,4660,2026-04-07 14:48:40.553,881,36,28,
FF FF FF FF 00 25 00 C7 20 01 01 02 00 00 00 33 00 00 00 33 00 00 00 15 00 24 00 1B 12 34 03 72 C6 00 00 00 7B,51,51,21,4660,2026-04-07 14:48:40.585,882,36,27,
FF FF FF FF 00 25 00 C8 20 01 01 02 00 00 00 33 00 00 00 33 00 00 00 16 00 24 00 1B 12 34 03 73 C6 00 00 00 76,51,51,22,4660,2026-04-07 14:48:40.631,883,36,27,
FF FF FF FF 00 25 00 C9 20 01 01 02 00 00 00 33 00 00 00 33 00 00 00 16 00 24 00 1B 12 34 03 74 C6 00 00 00 70,51,51,22,4660,2026-04-07 14:48:40.663,884,36,27,
FF FF FF FF 00 25 00 CA 20 01 01 02 00 00 00 33 00 00 00 33 00 00 00 17 00 23 00 1C 12 34 03 75 C6 00 00 00 73,51,51,23,4660,2026-04-07 14:48:40.679,885,35,28,
FF FF FF FF 00 25 00 CB 20 01 01 02 00 00 00 33 00 00 00 33 00 00 00 17 00 23 00 1C 12 34 03 76 C7 00 00 00 70,51,51,23,4660,2026-04-07 14:48:40.711,886,35,28,
FF FF FF FF 00 25 00 CC 20 01 01 02 00 00 00 33 00 00 00 33 00 00 00 18 00 22 00 1C 12 34 03 77 C6 00 00 00 79,51,51,24,4660,2026-04-07 14:48:40.726,887,34,28,
FF FF FF FF 00 25 00 CD 20 01 01 02 00 00 00 33 00 00 00 33 00 00 00 18 00 22 00 1C 12 34 03 78 C5 00 00 00 74,51,51,24,4660,2026-04-07 14:48:40.757,888,34,28,
FF FF FF FF 00 25 00 CE 20 01 01 02 00 00 00 33 00 00 00 33 00 00 00 17 00 22 00 1C 12 34 03 79 C6 00 00 00 7A,51,51,23,4660,2026-04-07 14:48:40.789,889,34,28,
FF FF FF FF 00 25 00 CF 20 01 01 02 00 00 00 33 00 00 00 33 00 00 00 17 00 22 00 1C 12 34 03 7A C6 00 00 00 78,51,51,23,4660,2026-04-07 14:48:40.804,890,34,28,
FF FF FF FF 00 25 00 D0 20 01 01 02 00 00 00 33 00 00 00 33 00 00 00 17 00 22 00 1C 12 34 03 7B C6 00 00 00 66,51,51,23,4660,2026-04-07 14:48:40.836,891,34,28,
FF FF FF FF 00 25 00 D1 20 01 01 02 00 00 00 33 00 00 00 33 00 00 00 18 00 22 00 1C 12 34 03 7C C6 00 00 00 6F,51,51,24,4660,2026-04-07 14:48:40.852,892,34,28,
FF FF FF FF 00 25 00 D2 20 01 01 02 00 00 00 33 00 00 00 33 00 00 00 19 00 22 00 1C 12 34 03 7D C8 00 00 00 62,51,51,25,4660,2026-04-07 14:48:40.883,893,34,28,
FF FF FF FF 00 25 00 D3 20 01 01 02 00 00 00 33 00 00 00 33 00 00 00 19 00 23 00 1C 12 34 03 7E C8 00 00 00 61,51,51,25,4660,2026-04-07 14:48:40.930,894,35,28,
FF FF FF FF 00 25 00 D4 20 01 01 02 00 00 00 33 00 00 00 33 00 00 00 19 00 24 00 1B 12 34 03 7F C6 00 00 00 69,51,51,25,4660,2026-04-07 14:48:40.962,895,36,27,
FF FF FF FF 00 25 00 D5 20 01 01 02 00 00 00 33 00 00 00 33 00 00 00 17 00 24 00 1B 12 34 03 80 C6 00 00 00 99,51,51,23,4660,2026-04-07 14:48:40.977,896,36,27,
FF FF FF FF 00 25 00 D6 20 01 01 02 00 00 00 33 00 00 00 33 00 00 00 15 00 23 00 1C 12 34 03 81 C6 00 00 00 99,51,51,21,4660,2026-04-07 14:48:41.009,897,35,28,
FF FF FF FF 00 25 00 D7 20 01 01 02 00 00 00 33 00 00 00 33 00 00 00 15 00 23 00 1B 12 34 03 82 C6 00 00 00 9C,51,51,21,4660,2026-04-07 14:48:41.056,898,35,27,
FF FF FF FF 00 25 00 D8 20 01 01 02 00 00 00 33 00 00 00 33 00 00 00 15 00 23 00 1B 12 34 03 83 C7 00 00 00 93,51,51,21,4660,2026-04-07 14:48:41.088,899,35,27,
FF FF FF FF 00 25 00 D9 20 01 01 02 00 00 00 33 00 00 00 33 00 00 00 16 00 23 00 1C 12 34 03 84 C7 00 00 00 91,51,51,22,4660,2026-04-07 14:48:41.103,900,35,28,
FF FF FF FF 00 25 00 DA 20 01 01 02 00 00 00 33 00 00 00 33 00 00 00 17 00 22 00 1C 12 34 03 85 C6 00 00 00 92,51,51,23,4660,2026-04-07 14:48:44.975,901,34,28,
FF FF FF FF 00 25 00 DB 20 01 01 02 00 00 00 33 00 00 00 33 00 00 00 18 00 22 00 1B 12 34 03 86 C6 00 00 00 98,51,51,24,4660,2026-04-07 14:48:47.525,902,34,27,
FF FF FF FF 00 25 00 DC 20 01 01 02 00 00 00 33 00 00 00 33 00 00 00 19 00 22 00 1A 12 34 03 87 C6 00 00 00 9E,51,51,25,4660,2026-04-07 14:48:50.081,903,34,26,
FF FF FF FF 00 25 00 DD 20 01 01 02 00 00 00 33 00 00 00 33 00 00 00 15 00 22 00 1A 12 34 03 88 CA 00 00 00 90,51,51,21,4660,2026-04-07 14:48:52.518,904,34,26,
FF FF FF FF 00 25 00 DE 20 01 01 02 00 00 00 33 00 00 00 33 00 00 00 14 00 21 00 1A 12 34 03 89 C5 00 00 00 9F,51,51,20,4660,2026-04-07 14:48:55.057,905,33,26,
FF FF FF FF 00 25 00 DF 20 01 01 02 00 00 00 33 00 00 00 33 00 00 00 13 00 21 00 1A 12 34 03 8A C5 00 00 00 9A,51,51,19,4660,2026-04-07 14:48:57.605,906,33,26,
FF FF FF FF 00 25 00 E0 20 01 01 02 00 00 00 33 00 00 00 33 00 00 00 14 00 20 00 1A 12 34 03 8B C8 00 00 00 AF,51,51,20,4660,2026-04-07 14:49:00.159,907,32,26,
FF FF FF FF 00 25 00 E1 20 01 01 02 00 00 00 33 00 00 00 33 00 00 00 16 00 20 00 1B 12 34 03 8C CB 00 00 00 A9,51,51,22,4660,2026-04-07 14:49:02.702,908,32,27,
FF FF FF FF 00 25 00 E2 20 01 01 02 00 00 00 33 00 00 00 33 00 00 00 16 00 20 00 1B 12 34 03 8D CA 00 00 00 AA,51,51,22,4660,2026-04-07 14:49:05.134,909,32,27,
FF FF FF FF 00 25 00 E3 20 01 01 02 00 00 00 33 00 00 00 33 00 00 00 16 00 21 00 1C 12 34 03 8E C7 00 00 00 A3,51,51,22,4660,2026-04-07 14:49:07.681,910,33,28,
FF FF FF FF 00 25 00 E4 20 01 01 02 00 00 00 33 00 00 00 33 00 00 00 16 00 22 00 1B 12 34 03 8F C7 00 00 00 A1,51,51,22,4660,2026-04-07 14:49:10.228,911,34,27,
FF FF FF FF 00 25 00 E5 20 01 01 02 00 00 00 33 00 00 00 33 00 00 00 16 00 23 00 1B 12 34 03 90 C6 00 00 00 BF,51,51,22,4660,2026-04-07 14:49:12.782,912,35,27,
FF FF FF FF 00 25 00 E6 20 01 01 02 00 00 00 33 00 00 00 33 00 00 00 13 00 23 00 1A 12 34 03 91 C6 00 00 00 B9,51,51,19,4660,2026-04-07 14:49:15.334,913,35,26,
FF FF FF FF 00 25 00 E7 20 01 01 02 00 00 00 33 00 00 00 33 00 00 00 11 00 23 00 1A 12 34 03 92 C5 00 00 00 BA,51,51,17,4660,2026-04-07 14:49:17.782,914,35,26,
FF FF FF FF 00 25 00 E8 20 01 01 02 00 00 00 33 00 00 00 33 00 00 00 0E 00 22 00 1B 12 34 03 93 C4 00 00 00 AA,51,51,14,4660,2026-04-07 14:49:20.328,915,34,27,
FF FF FF FF 00 25 00 E9 20 01 01 02 00 00 00 33 00 00 00 33 00 00 00 0E 00 21 00 1B 12 34 03 94 C5 00 00 00 AE,51,51,14,4660,2026-04-07 14:49:22.877,916,33,27,
FF FF FF FF 00 25 00 EA 20 01 01 02 00 00 00 33 00 00 00 33 00 00 00 0E 00 21 00 1B 12 34 03 95 C8 00 00 00 A1,51,51,14,4660,2026-04-07 14:49:25.434,917,33,27,
FF FF FF FF 00 25 00 EB 20 01 01 02 00 00 00 33 00 00 00 33 00 00 00 0E 00 21 00 1C 12 34 03 96 C8 00 00 00 A4,51,51,14,4660,2026-04-07 14:49:27.873,918,33,28,
FF FF FF FF 00 25 00 EC 20 01 01 02 00 00 00 33 00 00 00 33 00 00 00 0F 00 21 00 1C 12 34 03 97 C6 00 00 00 AD,51,51,15,4660,2026-04-07 14:49:30.425,919,33,28,
FF FF FF FF 00 25 00 ED 20 01 01 02 00 00 00 33 00 00 00 33 00 00 00 10 00 22 00 1B 12 34 03 98 C6 00 00 00 B8,51,51,16,4660,2026-04-07 14:49:32.967,920,34,27,
